RD41802,RDlabel,RD_Num,UA2018007023,UAlabel,UA_Num
1.8_5_0500.jpg,Elliptical galaxy,0.0,1.8_5_0500.jpg,Else,6.0
1.8_5_0501.jpg,Elliptical galaxy,0.0,1.8_5_0501.jpg,Elliptical galaxy,0.0
1.8_5_0502.jpg,Elliptical galaxy,0.0,1.8_5_0502.jpg,Elliptical galaxy,0.0
1.8_5_0503.jpg,Elliptical galaxy,0.0,1.8_5_0503.jpg,Elliptical galaxy,0.0
1.8_5_0504.jpg,Don’t Know,5.0,1.8_5_0504.jpg,Else,6.0
1.8_5_0505.jpg,Elliptical galaxy,0.0,1.8_5_0505.jpg,Clockwise-Z-wise spiral galaxy,2.0
1.8_5_0506.jpg,Don’t Know,5.0,1.8_5_0506.jpg,Else,6.0
1.8_5_0507.jpg,Don’t Know,5.0,1.8_5_0507.jpg,Elliptical galaxy,0.0
1.8_5_0508.jpg,Elliptical galaxy,0.0,1.8_5_0508.jpg,Elliptical galaxy,0.0
1.8_5_0509.jpg,Anti-clockwise-S-wise spiral galaxy,4.0,1.8_5_0509.jpg,Elliptical galaxy,0.0
1.8_5_0510.jpg,Clockwise-Z-wise spiral galaxy,2.0,1.8_5_0510.jpg,Clockwise-Z-wise spiral galaxy,2.0
1.8_5_0511.jpg,Star,1.0,1.8_5_0511.jpg,Elliptical galaxy,0.0
1.8_5_0512.jpg,Don’t Know,5.0,1.8_5_0512.jpg,Elliptical galaxy,0.0
1.8_5_0513.jpg,Star,1.0,1.8_5_0513.jpg,Elliptical galaxy,0.0
1.8_5_0514.jpg,Don’t Know,5.0,1.8_5_0514.jpg,Else,6.0
1.8_5_0515.jpg,Anti-clockwise-S-wise spiral galaxy,4.0,1.8_5_0515.jpg,Anti-clockwise-S-wise spiral galaxy,4.0
1.8_5_0516.jpg,Elliptical galaxy,0.0,1.8_5_0516.jpg,Elliptical galaxy,0.0
1.8_5_0517.jpg,Don’t Know,5.0,1.8_5_0517.jpg,Don’t Know,5.0
1.8_5_0518.jpg,Else,6.0,1.8_5_0518.jpg,Star,1.0
1.8_5_0519.jpg,Don’t Know,5.0,1.8_5_0519.jpg,Else,6.0
1.8_5_0520.jpg,Elliptical galaxy,0.0,1.8_5_0520.jpg,Elliptical galaxy,0.0
1.8_5_0521.jpg,Elliptical galaxy,0.0,1.8_5_0521.jpg,Elliptical galaxy,0.0
1.8_5_0522.jpg,Elliptical galaxy,0.0,1.8_5_0522.jpg,Elliptical galaxy,0.0
1.8_5_0523.jpg,Clockwise-Z-wise spiral galaxy,2.0,1.8_5_0523.jpg,Clockwise-Z-wise spiral galaxy,2.0
1.8_5_0524.jpg,Star,1.0,1.8_5_0524.jpg,Merger,3.0
1.8_5_0525.jpg,Don’t Know,5.0,1.8_5_0525.jpg,Else,6.0
1.8_5_0526.jpg,Elliptical galaxy,0.0,1.8_5_0526.jpg,Elliptical galaxy,0.0
1.8_5_0527.jpg,Clockwise-Z-wise spiral galaxy,2.0,1.8_5_0527.jpg,Elliptical galaxy,0.0
1.8_5_0528.jpg,Elliptical galaxy,0.0,1.8_5_0528.jpg,Else,6.0
1.8_5_0529.jpg,Elliptical galaxy,0.0,1.8_5_0529.jpg,Else,6.0
1.8_5_0530.jpg,Elliptical galaxy,0.0,1.8_5_0530.jpg,Elliptical galaxy,0.0
1.8_5_0531.jpg,Elliptical galaxy,0.0,1.8_5_0531.jpg,Elliptical galaxy,0.0
1.8_5_0532.jpg,Elliptical galaxy,0.0,1.8_5_0532.jpg,Elliptical galaxy,0.0
1.8_5_0533.jpg,Elliptical galaxy,0.0,1.8_5_0533.jpg,Elliptical galaxy,0.0
1.8_5_0534.jpg,Don’t Know,5.0,1.8_5_0534.jpg,Else,6.0
1.8_5_0535.jpg,Star,1.0,1.8_5_0535.jpg,Star,1.0
1.8_5_0536.jpg,Elliptical galaxy,0.0,1.8_5_0536.jpg,Elliptical galaxy,0.0
1.8_5_0537.jpg,Elliptical galaxy,0.0,1.8_5_0537.jpg,Else,6.0
1.8_5_0538.jpg,Elliptical galaxy,0.0,1.8_5_0538.jpg,Star,1.0
1.8_5_0539.jpg,Elliptical galaxy,0.0,1.8_5_0539.jpg,Else,6.0
1.8_5_0540.jpg,Don’t Know,5.0,1.8_5_0540.jpg,Else,6.0
1.8_5_0541.jpg,Clockwise-Z-wise spiral galaxy,2.0,1.8_5_0541.jpg,Clockwise-Z-wise spiral galaxy,2.0
1.8_5_0542.jpg,Merger,3.0,1.8_5_0542.jpg,Elliptical galaxy,0.0
1.8_5_0543.jpg,Elliptical galaxy,0.0,1.8_5_0543.jpg,Elliptical galaxy,0.0
1.8_5_0544.jpg,Don’t Know,5.0,1.8_5_0544.jpg,Elliptical galaxy,0.0
1.8_5_0545.jpg,Elliptical galaxy,0.0,1.8_5_0545.jpg,Elliptical galaxy,0.0
1.8_5_0546.jpg,Elliptical galaxy,0.0,1.8_5_0546.jpg,Elliptical galaxy,0.0
1.8_5_0547.jpg,Elliptical galaxy,0.0,1.8_5_0547.jpg,Else,6.0
1.8_5_0548.jpg,Don’t Know,5.0,1.8_5_0548.jpg,Else,6.0
1.8_5_0549.jpg,Elliptical galaxy,0.0,1.8_5_0549.jpg,Elliptical galaxy,0.0
1.8_5_0550.jpg,Star,1.0,1.8_5_0550.jpg,Elliptical galaxy,0.0
1.8_5_0551.jpg,Don’t Know,5.0,1.8_5_0551.jpg,Else,6.0
1.8_5_0552.jpg,Elliptical galaxy,0.0,1.8_5_0552.jpg,Elliptical galaxy,0.0
1.8_5_0553.jpg,Merger,3.0,1.8_5_0553.jpg,Elliptical galaxy,0.0
1.8_5_0554.jpg,Don’t Know,5.0,1.8_5_0554.jpg,Else,6.0
1.8_5_0555.jpg,Star,1.0,1.8_5_0555.jpg,Star,1.0
1.8_5_0556.jpg,Star,1.0,1.8_5_0556.jpg,Star,1.0
1.8_5_0557.jpg,Don’t Know,5.0,1.8_5_0557.jpg,Else,6.0
1.8_5_0558.jpg,Don’t Know,5.0,1.8_5_0558.jpg,Don’t Know,5.0
1.8_5_0559.jpg,Don’t Know,5.0,1.8_5_0559.jpg,Merger,3.0
1.8_5_0560.jpg,Star,1.0,1.8_5_0560.jpg,Else,6.0
1.8_5_0561.jpg,Elliptical galaxy,0.0,1.8_5_0561.jpg,Elliptical galaxy,0.0
1.8_5_0562.jpg,Elliptical galaxy,0.0,1.8_5_0562.jpg,Elliptical galaxy,0.0
1.8_5_0563.jpg,Elliptical galaxy,0.0,1.8_5_0563.jpg,Elliptical galaxy,0.0
1.8_5_0564.jpg,Elliptical galaxy,0.0,1.8_5_0564.jpg,Elliptical galaxy,0.0
1.8_5_0565.jpg,Elliptical galaxy,0.0,1.8_5_0565.jpg,Elliptical galaxy,0.0
1.8_5_0566.jpg,Don’t Know,5.0,1.8_5_0566.jpg,Else,6.0
1.8_5_0567.jpg,Elliptical galaxy,0.0,1.8_5_0567.jpg,Elliptical galaxy,0.0
1.8_5_0568.jpg,Elliptical galaxy,0.0,1.8_5_0568.jpg,Elliptical galaxy,0.0
1.8_5_0569.jpg,Elliptical galaxy,0.0,1.8_5_0569.jpg,Elliptical galaxy,0.0
1.8_5_0570.jpg,Elliptical galaxy,0.0,1.8_5_0570.jpg,Elliptical galaxy,0.0
1.8_5_0571.jpg,Star,1.0,1.8_5_0571.jpg,Elliptical galaxy,0.0
1.8_5_0572.jpg,Elliptical galaxy,0.0,1.8_5_0572.jpg,Elliptical galaxy,0.0
1.8_5_0573.jpg,Star,1.0,1.8_5_0573.jpg,Star,1.0
1.8_5_0574.jpg,Star,1.0,1.8_5_0574.jpg,Elliptical galaxy,0.0
1.8_5_0575.jpg,Elliptical galaxy,0.0,1.8_5_0575.jpg,Elliptical galaxy,0.0
1.8_5_0576.jpg,Don’t Know,5.0,1.8_5_0576.jpg,Else,6.0
1.8_5_0577.jpg,Star,1.0,1.8_5_0577.jpg,Star,1.0
1.8_5_0578.jpg,Elliptical galaxy,0.0,1.8_5_0578.jpg,Elliptical galaxy,0.0
1.8_5_0579.jpg,Clockwise-Z-wise spiral galaxy,2.0,1.8_5_0579.jpg,Clockwise-Z-wise spiral galaxy,2.0
1.8_5_0580.jpg,Anti-clockwise-S-wise spiral galaxy,4.0,1.8_5_0580.jpg,Elliptical galaxy,0.0
1.8_5_0581.jpg,Elliptical galaxy,0.0,1.8_5_0581.jpg,Else,6.0
1.8_5_0582.jpg,Elliptical galaxy,0.0,1.8_5_0582.jpg,Elliptical galaxy,0.0
1.8_5_0583.jpg,Elliptical galaxy,0.0,1.8_5_0583.jpg,Elliptical galaxy,0.0
1.8_5_0584.jpg,Elliptical galaxy,0.0,1.8_5_0584.jpg,Elliptical galaxy,0.0
1.8_5_0585.jpg,Elliptical galaxy,0.0,1.8_5_0585.jpg,Elliptical galaxy,0.0
1.8_5_0586.jpg,Don’t Know,5.0,1.8_5_0586.jpg,Elliptical galaxy,0.0
1.8_5_0587.jpg,Elliptical galaxy,0.0,1.8_5_0587.jpg,Elliptical galaxy,0.0
1.8_5_0588.jpg,Don’t Know,5.0,1.8_5_0588.jpg,Else,6.0
1.8_5_0589.jpg,Star,1.0,1.8_5_0589.jpg,Star,1.0
1.8_5_0590.jpg,Elliptical galaxy,0.0,1.8_5_0590.jpg,Elliptical galaxy,0.0
1.8_5_0591.jpg,Don’t Know,5.0,1.8_5_0591.jpg,Don’t Know,5.0
1.8_5_0592.jpg,Elliptical galaxy,0.0,1.8_5_0592.jpg,Else,6.0
1.8_5_0593.jpg,Merger,3.0,1.8_5_0593.jpg,Else,6.0
1.8_5_0594.jpg,Anti-clockwise-S-wise spiral galaxy,4.0,1.8_5_0594.jpg,Anti-clockwise-S-wise spiral galaxy,4.0
1.8_5_0595.jpg,Elliptical galaxy,0.0,1.8_5_0595.jpg,Elliptical galaxy,0.0
1.8_5_0596.jpg,Star,1.0,1.8_5_0596.jpg,Else,6.0
1.8_5_0597.jpg,Star,1.0,1.8_5_0597.jpg,Else,6.0
1.8_5_0598.jpg,Elliptical galaxy,0.0,1.8_5_0598.jpg,Elliptical galaxy,0.0
1.8_5_0599.jpg,Elliptical galaxy,0.0,1.8_5_0599.jpg,Elliptical galaxy,0.0
1.8_5_0600.jpg,Don’t Know,5.0,1.8_5_0600.jpg,Elliptical galaxy,0.0
1.8_5_0601.jpg,Don’t Know,5.0,1.8_5_0601.jpg,Elliptical galaxy,0.0
1.8_5_0602.jpg,Don’t Know,5.0,1.8_5_0602.jpg,Don’t Know,5.0
1.8_5_0603.jpg,Anti-clockwise-S-wise spiral galaxy,4.0,1.8_5_0603.jpg,Anti-clockwise-S-wise spiral galaxy,4.0
1.8_5_0604.jpg,Elliptical galaxy,0.0,1.8_5_0604.jpg,Elliptical galaxy,0.0
1.8_5_0605.jpg,Elliptical galaxy,0.0,1.8_5_0605.jpg,Else,6.0
1.8_5_0606.jpg,Don’t Know,5.0,1.8_5_0606.jpg,Elliptical galaxy,0.0
1.8_5_0607.jpg,Elliptical galaxy,0.0,1.8_5_0607.jpg,Else,6.0
1.8_5_0608.jpg,Elliptical galaxy,0.0,1.8_5_0608.jpg,Else,6.0
1.8_5_0609.jpg,Elliptical galaxy,0.0,1.8_5_0609.jpg,Elliptical galaxy,0.0
1.8_5_0610.jpg,Elliptical galaxy,0.0,1.8_5_0610.jpg,Elliptical galaxy,0.0
1.8_5_0611.jpg,Elliptical galaxy,0.0,1.8_5_0611.jpg,Elliptical galaxy,0.0
1.8_5_0612.jpg,Elliptical galaxy,0.0,1.8_5_0612.jpg,Else,6.0
1.8_5_0613.jpg,Don’t Know,5.0,1.8_5_0613.jpg,Else,6.0
1.8_5_0614.jpg,Anti-clockwise-S-wise spiral galaxy,4.0,1.8_5_0614.jpg,Anti-clockwise-S-wise spiral galaxy,4.0
1.8_5_0615.jpg,Don’t Know,5.0,1.8_5_0615.jpg,Else,6.0
1.8_5_0616.jpg,Elliptical galaxy,0.0,1.8_5_0616.jpg,Else,6.0
1.8_5_0617.jpg,Elliptical galaxy,0.0,1.8_5_0617.jpg,Star,1.0
1.8_5_0618.jpg,Elliptical galaxy,0.0,1.8_5_0618.jpg,Star,1.0
1.8_5_0619.jpg,Elliptical galaxy,0.0,1.8_5_0619.jpg,Elliptical galaxy,0.0
1.8_5_0620.jpg,Don’t Know,5.0,1.8_5_0620.jpg,Else,6.0
1.8_5_0621.jpg,Elliptical galaxy,0.0,1.8_5_0621.jpg,Elliptical galaxy,0.0
1.8_5_0622.jpg,Don’t Know,5.0,1.8_5_0622.jpg,Else,6.0
1.8_5_0623.jpg,Elliptical galaxy,0.0,1.8_5_0623.jpg,Elliptical galaxy,0.0
1.8_5_0624.jpg,Don’t Know,5.0,1.8_5_0624.jpg,Else,6.0
1.8_5_0625.jpg,Elliptical galaxy,0.0,1.8_5_0625.jpg,Star,1.0
1.8_5_0626.jpg,Don’t Know,5.0,1.8_5_0626.jpg,Else,6.0
1.8_5_0627.jpg,Clockwise-Z-wise spiral galaxy,2.0,1.8_5_0627.jpg,Clockwise-Z-wise spiral galaxy,2.0
1.8_5_0628.jpg,Elliptical galaxy,0.0,1.8_5_0628.jpg,Elliptical galaxy,0.0
1.8_5_0629.jpg,Don’t Know,5.0,1.8_5_0629.jpg,Else,6.0
1.8_5_0630.jpg,Clockwise-Z-wise spiral galaxy,2.0,1.8_5_0630.jpg,Elliptical galaxy,0.0
1.8_5_0631.jpg,Clockwise-Z-wise spiral galaxy,2.0,1.8_5_0631.jpg,Elliptical galaxy,0.0
1.8_5_0632.jpg,Elliptical galaxy,0.0,1.8_5_0632.jpg,Elliptical galaxy,0.0
1.8_5_0633.jpg,Else,6.0,1.8_5_0633.jpg,Elliptical galaxy,0.0
1.8_5_0634.jpg,Anti-clockwise-S-wise spiral galaxy,4.0,1.8_5_0634.jpg,Elliptical galaxy,0.0
1.8_5_0635.jpg,Anti-clockwise-S-wise spiral galaxy,4.0,1.8_5_0635.jpg,Else,6.0
1.8_5_0636.jpg,Star,1.0,1.8_5_0636.jpg,Else,6.0
1.8_5_0637.jpg,Clockwise-Z-wise spiral galaxy,2.0,1.8_5_0637.jpg,Else,6.0
1.8_5_0638.jpg,Elliptical galaxy,0.0,1.8_5_0638.jpg,Elliptical galaxy,0.0
1.8_5_0639.jpg,Clockwise-Z-wise spiral galaxy,2.0,1.8_5_0639.jpg,Elliptical galaxy,0.0
1.8_5_0640.jpg,Star,1.0,1.8_5_0640.jpg,Elliptical galaxy,0.0
1.8_5_0641.jpg,Elliptical galaxy,0.0,1.8_5_0641.jpg,Elliptical galaxy,0.0
1.8_5_0642.jpg,Elliptical galaxy,0.0,1.8_5_0642.jpg,Elliptical galaxy,0.0
1.8_5_0643.jpg,Elliptical galaxy,0.0,1.8_5_0643.jpg,Elliptical galaxy,0.0
1.8_5_0644.jpg,Elliptical galaxy,0.0,1.8_5_0644.jpg,Elliptical galaxy,0.0
1.8_5_0645.jpg,Elliptical galaxy,0.0,1.8_5_0645.jpg,Elliptical galaxy,0.0
1.8_5_0646.jpg,Elliptical galaxy,0.0,1.8_5_0646.jpg,Elliptical galaxy,0.0
1.8_5_0647.jpg,Elliptical galaxy,0.0,1.8_5_0647.jpg,Elliptical galaxy,0.0
1.8_5_0648.jpg,Clockwise-Z-wise spiral galaxy,2.0,1.8_5_0648.jpg,Anti-clockwise-S-wise spiral galaxy,4.0
1.8_5_0649.jpg,Star,1.0,1.8_5_0649.jpg,Star,1.0
1.8_5_0650.jpg,Elliptical galaxy,0.0,1.8_5_0650.jpg,Star,1.0
1.8_5_0651.jpg,Elliptical galaxy,0.0,1.8_5_0651.jpg,Else,6.0
1.8_5_0652.jpg,Elliptical galaxy,0.0,1.8_5_0652.jpg,Elliptical galaxy,0.0
1.8_5_0653.jpg,Elliptical galaxy,0.0,1.8_5_0653.jpg,Elliptical galaxy,0.0
1.8_5_0654.jpg,Elliptical galaxy,0.0,1.8_5_0654.jpg,Elliptical galaxy,0.0
1.8_5_0655.jpg,Elliptical galaxy,0.0,1.8_5_0655.jpg,Elliptical galaxy,0.0
1.8_5_0656.jpg,Elliptical galaxy,0.0,1.8_5_0656.jpg,Elliptical galaxy,0.0
1.8_5_0657.jpg,Elliptical galaxy,0.0,1.8_5_0657.jpg,Else,6.0
1.8_5_0658.jpg,Elliptical galaxy,0.0,1.8_5_0658.jpg,Star,1.0
1.8_5_0659.jpg,Elliptical galaxy,0.0,1.8_5_0659.jpg,Elliptical galaxy,0.0
1.8_5_0660.jpg,Elliptical galaxy,0.0,1.8_5_0660.jpg,Elliptical galaxy,0.0
1.8_5_0661.jpg,Elliptical galaxy,0.0,1.8_5_0661.jpg,Elliptical galaxy,0.0
1.8_5_0662.jpg,Else,6.0,1.8_5_0662.jpg,Else,6.0
1.8_5_0663.jpg,Star,1.0,1.8_5_0663.jpg,Else,6.0
1.8_5_0664.jpg,Elliptical galaxy,0.0,1.8_5_0664.jpg,Elliptical galaxy,0.0
1.8_5_0665.jpg,Else,6.0,1.8_5_0665.jpg,Else,6.0
1.8_5_0666.jpg,Star,1.0,1.8_5_0666.jpg,Star,1.0
1.8_5_0667.jpg,Elliptical galaxy,0.0,1.8_5_0667.jpg,Elliptical galaxy,0.0
1.8_5_0668.jpg,Elliptical galaxy,0.0,1.8_5_0668.jpg,Elliptical galaxy,0.0
1.8_5_0669.jpg,Elliptical galaxy,0.0,1.8_5_0669.jpg,Elliptical galaxy,0.0
1.8_5_0670.jpg,Star,1.0,1.8_5_0670.jpg,Elliptical galaxy,0.0
1.8_5_0671.jpg,Elliptical galaxy,0.0,1.8_5_0671.jpg,Elliptical galaxy,0.0
1.8_5_0672.jpg,Star,1.0,1.8_5_0672.jpg,Elliptical galaxy,0.0
1.8_5_0673.jpg,Else,6.0,1.8_5_0673.jpg,Else,6.0
1.8_5_0674.jpg,Else,6.0,1.8_5_0674.jpg,Else,6.0
1.8_5_0675.jpg,Star,1.0,1.8_5_0675.jpg,Else,6.0
1.8_5_0676.jpg,Anti-clockwise-S-wise spiral galaxy,4.0,1.8_5_0676.jpg,Anti-clockwise-S-wise spiral galaxy,4.0
1.8_5_0677.jpg,Elliptical galaxy,0.0,1.8_5_0677.jpg,Elliptical galaxy,0.0
1.8_5_0678.jpg,Else,6.0,1.8_5_0678.jpg,Else,6.0
1.8_5_0679.jpg,Clockwise-Z-wise spiral galaxy,2.0,1.8_5_0679.jpg,Clockwise-Z-wise spiral galaxy,2.0
1.8_5_0680.jpg,Elliptical galaxy,0.0,1.8_5_0680.jpg,Anti-clockwise-S-wise spiral galaxy,4.0
1.8_5_0681.jpg,Elliptical galaxy,0.0,1.8_5_0681.jpg,Elliptical galaxy,0.0
1.8_5_0682.jpg,Elliptical galaxy,0.0,1.8_5_0682.jpg,Elliptical galaxy,0.0
1.8_5_0683.jpg,Merger,3.0,1.8_5_0683.jpg,Else,6.0
1.8_5_0684.jpg,Elliptical galaxy,0.0,1.8_5_0684.jpg,Else,6.0
1.8_5_0685.jpg,Don’t Know,5.0,1.8_5_0685.jpg,Else,6.0
1.8_5_0686.jpg,Elliptical galaxy,0.0,1.8_5_0686.jpg,Elliptical galaxy,0.0
1.8_5_0687.jpg,Elliptical galaxy,0.0,1.8_5_0687.jpg,Elliptical galaxy,0.0
1.8_5_0688.jpg,Elliptical galaxy,0.0,1.8_5_0688.jpg,Star,1.0
1.8_5_0689.jpg,Elliptical galaxy,0.0,1.8_5_0689.jpg,Star,1.0
1.8_5_0690.jpg,Elliptical galaxy,0.0,1.8_5_0690.jpg,Else,6.0
1.8_5_0691.jpg,Elliptical galaxy,0.0,1.8_5_0691.jpg,Anti-clockwise-S-wise spiral galaxy,4.0
1.8_5_0692.jpg,Elliptical galaxy,0.0,1.8_5_0692.jpg,Else,6.0
1.8_5_0693.jpg,Star,1.0,1.8_5_0693.jpg,Star,1.0
1.8_5_0694.jpg,Elliptical galaxy,0.0,1.8_5_0694.jpg,Elliptical galaxy,0.0
1.8_5_0695.jpg,Clockwise-Z-wise spiral galaxy,2.0,1.8_5_0695.jpg,Elliptical galaxy,0.0
1.8_5_0696.jpg,Don’t Know,5.0,1.8_5_0696.jpg,Don’t Know,5.0
1.8_5_0697.jpg,Elliptical galaxy,0.0,1.8_5_0697.jpg,Elliptical galaxy,0.0
1.8_5_0698.jpg,Elliptical galaxy,0.0,1.8_5_0698.jpg,Elliptical galaxy,0.0
1.8_5_0699.jpg,Don’t Know,5.0,1.8_5_0699.jpg,Else,6.0
1.8_5_0700.jpg,Don’t Know,5.0,1.8_5_0700.jpg,Else,6.0
1.8_5_0701.jpg,Don’t Know,5.0,1.8_5_0701.jpg,Elliptical galaxy,0.0
1.8_5_0702.jpg,Elliptical galaxy,0.0,1.8_5_0702.jpg,Elliptical galaxy,0.0
1.8_5_0703.jpg,Elliptical galaxy,0.0,1.8_5_0703.jpg,Elliptical galaxy,0.0
1.8_5_0704.jpg,Elliptical galaxy,0.0,1.8_5_0704.jpg,Else,6.0
1.8_5_0705.jpg,Anti-clockwise-S-wise spiral galaxy,4.0,1.8_5_0705.jpg,Anti-clockwise-S-wise spiral galaxy,4.0
1.8_5_0706.jpg,Else,6.0,1.8_5_0706.jpg,Else,6.0
1.8_5_0707.jpg,Star,1.0,1.8_5_0707.jpg,Star,1.0
1.8_5_0708.jpg,Elliptical galaxy,0.0,1.8_5_0708.jpg,Elliptical galaxy,0.0
1.8_5_0709.jpg,Clockwise-Z-wise spiral galaxy,2.0,1.8_5_0709.jpg,Elliptical galaxy,0.0
1.8_5_0710.jpg,Else,6.0,1.8_5_0710.jpg,Elliptical galaxy,0.0
1.8_5_0711.jpg,Don’t Know,5.0,1.8_5_0711.jpg,Else,6.0
1.8_5_0712.jpg,Elliptical galaxy,0.0,1.8_5_0712.jpg,Elliptical galaxy,0.0
1.8_5_0713.jpg,Star,1.0,1.8_5_0713.jpg,Star,1.0
1.8_5_0714.jpg,Elliptical galaxy,0.0,1.8_5_0714.jpg,Elliptical galaxy,0.0
1.8_5_0715.jpg,Elliptical galaxy,0.0,1.8_5_0715.jpg,Elliptical galaxy,0.0
1.8_5_0716.jpg,Elliptical galaxy,0.0,1.8_5_0716.jpg,Elliptical galaxy,0.0
1.8_5_0717.jpg,Elliptical galaxy,0.0,1.8_5_0717.jpg,Elliptical galaxy,0.0
1.8_5_0718.jpg,Star,1.0,1.8_5_0718.jpg,Star,1.0
1.8_5_0719.jpg,Elliptical galaxy,0.0,1.8_5_0719.jpg,Elliptical galaxy,0.0
1.8_5_0720.jpg,Star,1.0,1.8_5_0720.jpg,Star,1.0
1.8_5_0721.jpg,Clockwise-Z-wise spiral galaxy,2.0,1.8_5_0721.jpg,Elliptical galaxy,0.0
1.8_5_0722.jpg,Clockwise-Z-wise spiral galaxy,2.0,1.8_5_0722.jpg,Elliptical galaxy,0.0
1.8_5_0723.jpg,Don’t Know,5.0,1.8_5_0723.jpg,Don’t Know,5.0
1.8_5_0724.jpg,Don’t Know,5.0,1.8_5_0724.jpg,Else,6.0
1.8_5_0725.jpg,Elliptical galaxy,0.0,1.8_5_0725.jpg,Else,6.0
1.8_5_0726.jpg,Elliptical galaxy,0.0,1.8_5_0726.jpg,Elliptical galaxy,0.0
1.8_5_0727.jpg,Elliptical galaxy,0.0,1.8_5_0727.jpg,Elliptical galaxy,0.0
1.8_5_0728.jpg,Clockwise-Z-wise spiral galaxy,2.0,1.8_5_0728.jpg,Clockwise-Z-wise spiral galaxy,2.0
1.8_5_0729.jpg,Star,1.0,1.8_5_0729.jpg,Star,1.0
1.8_5_0730.jpg,Anti-clockwise-S-wise spiral galaxy,4.0,1.8_5_0730.jpg,Anti-clockwise-S-wise spiral galaxy,4.0
1.8_5_0731.jpg,Elliptical galaxy,0.0,1.8_5_0731.jpg,Elliptical galaxy,0.0
1.8_5_0732.jpg,Clockwise-Z-wise spiral galaxy,2.0,1.8_5_0732.jpg,Elliptical galaxy,0.0
1.8_5_0733.jpg,Elliptical galaxy,0.0,1.8_5_0733.jpg,Elliptical galaxy,0.0
1.8_5_0734.jpg,Don’t Know,5.0,1.8_5_0734.jpg,Else,6.0
1.8_5_0735.jpg,Elliptical galaxy,0.0,1.8_5_0735.jpg,Elliptical galaxy,0.0
1.8_5_0736.jpg,Clockwise-Z-wise spiral galaxy,2.0,1.8_5_0736.jpg,Else,6.0
1.8_5_0737.jpg,Star,1.0,1.8_5_0737.jpg,Else,6.0
1.8_5_0738.jpg,Star,1.0,1.8_5_0738.jpg,Star,1.0
1.8_5_0739.jpg,Elliptical galaxy,0.0,1.8_5_0739.jpg,Star,1.0
1.8_5_0740.jpg,Elliptical galaxy,0.0,1.8_5_0740.jpg,Star,1.0
1.8_5_0741.jpg,Star,1.0,1.8_5_0741.jpg,Star,1.0
1.8_5_0742.jpg,Elliptical galaxy,0.0,1.8_5_0742.jpg,Else,6.0
1.8_5_0743.jpg,Elliptical galaxy,0.0,1.8_5_0743.jpg,Else,6.0
1.8_5_0744.jpg,Don’t Know,5.0,1.8_5_0744.jpg,Else,6.0
1.8_5_0745.jpg,Elliptical galaxy,0.0,1.8_5_0745.jpg,Elliptical galaxy,0.0
1.8_5_0746.jpg,Clockwise-Z-wise spiral galaxy,2.0,1.8_5_0746.jpg,Clockwise-Z-wise spiral galaxy,2.0
1.8_5_0747.jpg,Star,1.0,1.8_5_0747.jpg,Else,6.0
1.8_5_0748.jpg,Elliptical galaxy,0.0,1.8_5_0748.jpg,Elliptical galaxy,0.0
1.8_5_0749.jpg,Elliptical galaxy,0.0,1.8_5_0749.jpg,Elliptical galaxy,0.0
1.8_5_0750.jpg,Star,1.0,1.8_5_0750.jpg,Star,1.0
1.8_5_0751.jpg,Elliptical galaxy,0.0,1.8_5_0751.jpg,Elliptical galaxy,0.0
1.8_5_0752.jpg,Elliptical galaxy,0.0,1.8_5_0752.jpg,Elliptical galaxy,0.0
1.8_5_0753.jpg,Elliptical galaxy,0.0,1.8_5_0753.jpg,Elliptical galaxy,0.0
1.8_5_0754.jpg,Don’t Know,5.0,1.8_5_0754.jpg,Else,6.0
1.8_5_0755.jpg,Elliptical galaxy,0.0,1.8_5_0755.jpg,Else,6.0
1.8_5_0756.jpg,Elliptical galaxy,0.0,1.8_5_0756.jpg,Star,1.0
1.8_5_0757.jpg,Elliptical galaxy,0.0,1.8_5_0757.jpg,Elliptical galaxy,0.0
1.8_5_0758.jpg,Don’t Know,5.0,1.8_5_0758.jpg,Else,6.0
1.8_5_0759.jpg,Elliptical galaxy,0.0,1.8_5_0759.jpg,Elliptical galaxy,0.0
1.8_5_0760.jpg,Don’t Know,5.0,1.8_5_0760.jpg,Elliptical galaxy,0.0
1.8_5_0761.jpg,Merger,3.0,1.8_5_0761.jpg,Elliptical galaxy,0.0
1.8_5_0762.jpg,Anti-clockwise-S-wise spiral galaxy,4.0,1.8_5_0762.jpg,Elliptical galaxy,0.0
1.8_5_0763.jpg,Elliptical galaxy,0.0,1.8_5_0763.jpg,Elliptical galaxy,0.0
1.8_5_0764.jpg,Star,1.0,1.8_5_0764.jpg,Star,1.0
1.8_5_0765.jpg,Star,1.0,1.8_5_0765.jpg,Star,1.0
1.8_5_0766.jpg,Clockwise-Z-wise spiral galaxy,2.0,1.8_5_0766.jpg,Clockwise-Z-wise spiral galaxy,2.0
1.8_5_0767.jpg,Elliptical galaxy,0.0,1.8_5_0767.jpg,Elliptical galaxy,0.0
1.8_5_0768.jpg,Don’t Know,5.0,1.8_5_0768.jpg,Else,6.0
1.8_5_0769.jpg,Merger,3.0,1.8_5_0769.jpg,Else,6.0
1.8_5_0770.jpg,Clockwise-Z-wise spiral galaxy,2.0,1.8_5_0770.jpg,Clockwise-Z-wise spiral galaxy,2.0
1.8_5_0771.jpg,Elliptical galaxy,0.0,1.8_5_0771.jpg,Elliptical galaxy,0.0
1.8_5_0772.jpg,Elliptical galaxy,0.0,1.8_5_0772.jpg,Elliptical galaxy,0.0
1.8_5_0773.jpg,Elliptical galaxy,0.0,1.8_5_0773.jpg,Elliptical galaxy,0.0
1.8_5_0774.jpg,Elliptical galaxy,0.0,1.8_5_0774.jpg,Elliptical galaxy,0.0
1.8_5_0775.jpg,Don’t Know,5.0,1.8_5_0775.jpg,Don’t Know,5.0
1.8_5_0776.jpg,Elliptical galaxy,0.0,1.8_5_0776.jpg,Elliptical galaxy,0.0
1.8_5_0777.jpg,Star,1.0,1.8_5_0777.jpg,Elliptical galaxy,0.0
1.8_5_0778.jpg,Elliptical galaxy,0.0,1.8_5_0778.jpg,Elliptical galaxy,0.0
1.8_5_0779.jpg,Elliptical galaxy,0.0,1.8_5_0779.jpg,Else,6.0
1.8_5_0780.jpg,Elliptical galaxy,0.0,1.8_5_0780.jpg,Elliptical galaxy,0.0
1.8_5_0781.jpg,Star,1.0,1.8_5_0781.jpg,Star,1.0
1.8_5_0782.jpg,Star,1.0,1.8_5_0782.jpg,Star,1.0
1.8_5_0783.jpg,Merger,3.0,1.8_5_0783.jpg,Merger,3.0
1.8_5_0784.jpg,Elliptical galaxy,0.0,1.8_5_0784.jpg,Elliptical galaxy,0.0
1.8_5_0785.jpg,Don’t Know,5.0,1.8_5_0785.jpg,Don’t Know,5.0
1.8_5_0786.jpg,Don’t Know,5.0,1.8_5_0786.jpg,Else,6.0
1.8_5_0787.jpg,Elliptical galaxy,0.0,1.8_5_0787.jpg,Elliptical galaxy,0.0
1.8_5_0788.jpg,Elliptical galaxy,0.0,1.8_5_0788.jpg,Elliptical galaxy,0.0
1.8_5_0789.jpg,Elliptical galaxy,0.0,1.8_5_0789.jpg,Merger,3.0
1.8_5_0790.jpg,Don’t Know,5.0,1.8_5_0790.jpg,Else,6.0
1.8_5_0791.jpg,Elliptical galaxy,0.0,1.8_5_0791.jpg,Elliptical galaxy,0.0
1.8_5_0792.jpg,Star,1.0,1.8_5_0792.jpg,Star,1.0
1.8_5_0793.jpg,Elliptical galaxy,0.0,1.8_5_0793.jpg,Else,6.0
1.8_5_0794.jpg,Elliptical galaxy,0.0,1.8_5_0794.jpg,Elliptical galaxy,0.0
1.8_5_0795.jpg,Elliptical galaxy,0.0,1.8_5_0795.jpg,Elliptical galaxy,0.0
1.8_5_0796.jpg,Elliptical galaxy,0.0,1.8_5_0796.jpg,Elliptical galaxy,0.0
1.8_5_0797.jpg,Star,1.0,1.8_5_0797.jpg,Elliptical galaxy,0.0
1.8_5_0798.jpg,Elliptical galaxy,0.0,1.8_5_0798.jpg,Elliptical galaxy,0.0
1.8_5_0799.jpg,Star,1.0,1.8_5_0799.jpg,Else,6.0
1.8_5_0800.jpg,Elliptical galaxy,0.0,1.8_5_0800.jpg,Elliptical galaxy,0.0
1.8_5_0801.jpg,Don’t Know,5.0,1.8_5_0801.jpg,Don’t Know,5.0
1.8_5_0802.jpg,Elliptical galaxy,0.0,1.8_5_0802.jpg,Elliptical galaxy,0.0
1.8_5_0803.jpg,Don’t Know,5.0,1.8_5_0803.jpg,Else,6.0
1.8_5_0804.jpg,Elliptical galaxy,0.0,1.8_5_0804.jpg,Else,6.0
1.8_5_0805.jpg,Clockwise-Z-wise spiral galaxy,2.0,1.8_5_0805.jpg,Else,6.0
1.8_5_0806.jpg,Elliptical galaxy,0.0,1.8_5_0806.jpg,Elliptical galaxy,0.0
1.8_5_0807.jpg,Elliptical galaxy,0.0,1.8_5_0807.jpg,Else,6.0
1.8_5_0808.jpg,Elliptical galaxy,0.0,1.8_5_0808.jpg,Else,6.0
1.8_5_0809.jpg,Don’t Know,5.0,1.8_5_0809.jpg,Else,6.0
1.8_5_0810.jpg,Don’t Know,5.0,1.8_5_0810.jpg,Else,6.0
1.8_5_0811.jpg,Don’t Know,5.0,1.8_5_0811.jpg,Else,6.0
1.8_5_0812.jpg,Elliptical galaxy,0.0,1.8_5_0812.jpg,Else,6.0
1.8_5_0813.jpg,Elliptical galaxy,0.0,1.8_5_0813.jpg,Elliptical galaxy,0.0
1.8_5_0814.jpg,Elliptical galaxy,0.0,1.8_5_0814.jpg,Elliptical galaxy,0.0
1.8_5_0815.jpg,Elliptical galaxy,0.0,1.8_5_0815.jpg,Elliptical galaxy,0.0
1.8_5_0816.jpg,Anti-clockwise-S-wise spiral galaxy,4.0,1.8_5_0816.jpg,Anti-clockwise-S-wise spiral galaxy,4.0
1.8_5_0817.jpg,Elliptical galaxy,0.0,1.8_5_0817.jpg,Merger,3.0
1.8_5_0818.jpg,Elliptical galaxy,0.0,1.8_5_0818.jpg,Elliptical galaxy,0.0
1.8_5_0819.jpg,Don’t Know,5.0,1.8_5_0819.jpg,Else,6.0
1.8_5_0820.jpg,Elliptical galaxy,0.0,1.8_5_0820.jpg,Star,1.0
1.8_5_0821.jpg,Elliptical galaxy,0.0,1.8_5_0821.jpg,Else,6.0
1.8_5_0822.jpg,Elliptical galaxy,0.0,1.8_5_0822.jpg,Else,6.0
1.8_5_0823.jpg,Elliptical galaxy,0.0,1.8_5_0823.jpg,Elliptical galaxy,0.0
1.8_5_0824.jpg,Star,1.0,1.8_5_0824.jpg,Else,6.0
1.8_5_0825.jpg,Elliptical galaxy,0.0,1.8_5_0825.jpg,Elliptical galaxy,0.0
1.8_5_0826.jpg,Elliptical galaxy,0.0,1.8_5_0826.jpg,Elliptical galaxy,0.0
1.8_5_0827.jpg,Don’t Know,5.0,1.8_5_0827.jpg,Elliptical galaxy,0.0
1.8_5_0828.jpg,Don’t Know,5.0,1.8_5_0828.jpg,Else,6.0
1.8_5_0829.jpg,Star,1.0,1.8_5_0829.jpg,Star,1.0
1.8_5_0830.jpg,Elliptical galaxy,0.0,1.8_5_0830.jpg,Elliptical galaxy,0.0
1.8_5_0831.jpg,Star,1.0,1.8_5_0831.jpg,Star,1.0
1.8_5_0832.jpg,Elliptical galaxy,0.0,1.8_5_0832.jpg,Star,1.0
1.8_5_0833.jpg,Clockwise-Z-wise spiral galaxy,2.0,1.8_5_0833.jpg,Clockwise-Z-wise spiral galaxy,2.0
1.8_5_0834.jpg,Don’t Know,5.0,1.8_5_0834.jpg,Else,6.0
1.8_5_0835.jpg,Don’t Know,5.0,1.8_5_0835.jpg,Else,6.0
1.8_5_0836.jpg,Elliptical galaxy,0.0,1.8_5_0836.jpg,Merger,3.0
1.8_5_0837.jpg,Elliptical galaxy,0.0,1.8_5_0837.jpg,Elliptical galaxy,0.0
1.8_5_0838.jpg,Elliptical galaxy,0.0,1.8_5_0838.jpg,Elliptical galaxy,0.0
1.8_5_0839.jpg,Don’t Know,5.0,1.8_5_0839.jpg,Elliptical galaxy,0.0
1.8_5_0840.jpg,Don’t Know,5.0,1.8_5_0840.jpg,Else,6.0
1.8_5_0841.jpg,Elliptical galaxy,0.0,1.8_5_0841.jpg,Else,6.0
1.8_5_0842.jpg,Clockwise-Z-wise spiral galaxy,2.0,1.8_5_0842.jpg,Else,6.0
1.8_5_0843.jpg,Elliptical galaxy,0.0,1.8_5_0843.jpg,Elliptical galaxy,0.0
1.8_5_0844.jpg,Star,1.0,1.8_5_0844.jpg,Star,1.0
1.8_5_0845.jpg,Star,1.0,1.8_5_0845.jpg,Star,1.0
1.8_5_0846.jpg,Don’t Know,5.0,1.8_5_0846.jpg,Star,1.0
1.8_5_0847.jpg,Don’t Know,5.0,1.8_5_0847.jpg,Else,6.0
1.8_5_0848.jpg,Elliptical galaxy,0.0,1.8_5_0848.jpg,Elliptical galaxy,0.0
1.8_5_0849.jpg,Elliptical galaxy,0.0,1.8_5_0849.jpg,Elliptical galaxy,0.0
1.8_5_0850.jpg,Elliptical galaxy,0.0,1.8_5_0850.jpg,Else,6.0
1.8_5_0851.jpg,Elliptical galaxy,0.0,1.8_5_0851.jpg,Anti-clockwise-S-wise spiral galaxy,4.0
1.8_5_0852.jpg,Elliptical galaxy,0.0,1.8_5_0852.jpg,Elliptical galaxy,0.0
1.8_5_0853.jpg,Elliptical galaxy,0.0,1.8_5_0853.jpg,Elliptical galaxy,0.0
1.8_5_0854.jpg,Elliptical galaxy,0.0,1.8_5_0854.jpg,Elliptical galaxy,0.0
1.8_5_0855.jpg,Elliptical galaxy,0.0,1.8_5_0855.jpg,Elliptical galaxy,0.0
1.8_5_0856.jpg,Don’t Know,5.0,1.8_5_0856.jpg,Else,6.0
1.8_5_0857.jpg,Clockwise-Z-wise spiral galaxy,2.0,1.8_5_0857.jpg,Elliptical galaxy,0.0
1.8_5_0858.jpg,Don’t Know,5.0,1.8_5_0858.jpg,Don’t Know,5.0
1.8_5_0859.jpg,Elliptical galaxy,0.0,1.8_5_0859.jpg,Elliptical galaxy,0.0
1.8_5_0860.jpg,Don’t Know,5.0,1.8_5_0860.jpg,Else,6.0
1.8_5_0861.jpg,Elliptical galaxy,0.0,1.8_5_0861.jpg,Elliptical galaxy,0.0
1.8_5_0862.jpg,Don’t Know,5.0,1.8_5_0862.jpg,Don’t Know,5.0
1.8_5_0863.jpg,Don’t Know,5.0,1.8_5_0863.jpg,Don’t Know,5.0
1.8_5_0864.jpg,Don’t Know,5.0,1.8_5_0864.jpg,Don’t Know,5.0
1.8_5_0865.jpg,Don’t Know,5.0,1.8_5_0865.jpg,Don’t Know,5.0
1.8_5_0866.jpg,Don’t Know,5.0,1.8_5_0866.jpg,Don’t Know,5.0
1.8_5_0867.jpg,Don’t Know,5.0,1.8_5_0867.jpg,Don’t Know,5.0
1.8_5_0868.jpg,Star,1.0,1.8_5_0868.jpg,Star,1.0
1.8_5_0869.jpg,Clockwise-Z-wise spiral galaxy,2.0,1.8_5_0869.jpg,Clockwise-Z-wise spiral galaxy,2.0
1.8_5_0870.jpg,Elliptical galaxy,0.0,1.8_5_0870.jpg,Elliptical galaxy,0.0
1.8_5_0871.jpg,Clockwise-Z-wise spiral galaxy,2.0,1.8_5_0871.jpg,Else,6.0
1.8_5_0872.jpg,Elliptical galaxy,0.0,1.8_5_0872.jpg,Star,1.0
1.8_5_0873.jpg,Else,6.0,1.8_5_0873.jpg,Else,6.0
1.8_5_0874.jpg,Elliptical galaxy,0.0,1.8_5_0874.jpg,Elliptical galaxy,0.0
1.8_5_0875.jpg,Else,6.0,1.8_5_0875.jpg,Else,6.0
1.8_5_0876.jpg,Elliptical galaxy,0.0,1.8_5_0876.jpg,Elliptical galaxy,0.0
1.8_5_0877.jpg,Anti-clockwise-S-wise spiral galaxy,4.0,1.8_5_0877.jpg,Elliptical galaxy,0.0
1.8_5_0878.jpg,Elliptical galaxy,0.0,1.8_5_0878.jpg,Elliptical galaxy,0.0
1.8_5_0879.jpg,Elliptical galaxy,0.0,1.8_5_0879.jpg,Elliptical galaxy,0.0
1.8_5_0880.jpg,Elliptical galaxy,0.0,1.8_5_0880.jpg,Elliptical galaxy,0.0
1.8_5_0881.jpg,Elliptical galaxy,0.0,1.8_5_0881.jpg,Elliptical galaxy,0.0
1.8_5_0882.jpg,Star,1.0,1.8_5_0882.jpg,Merger,3.0
1.8_5_0883.jpg,Star,1.0,1.8_5_0883.jpg,Merger,3.0
1.8_5_0884.jpg,Star,1.0,1.8_5_0884.jpg,Else,6.0
1.8_5_0885.jpg,Elliptical galaxy,0.0,1.8_5_0885.jpg,Else,6.0
1.8_5_0886.jpg,Elliptical galaxy,0.0,1.8_5_0886.jpg,Else,6.0
1.8_5_0887.jpg,Star,1.0,1.8_5_0887.jpg,Elliptical galaxy,0.0
1.8_5_0888.jpg,Elliptical galaxy,0.0,1.8_5_0888.jpg,Merger,3.0
1.8_5_0889.jpg,Elliptical galaxy,0.0,1.8_5_0889.jpg,Elliptical galaxy,0.0
1.8_5_0890.jpg,Elliptical galaxy,0.0,1.8_5_0890.jpg,Star,1.0
1.8_5_0891.jpg,Don’t Know,5.0,1.8_5_0891.jpg,Else,6.0
1.8_5_0892.jpg,Elliptical galaxy,0.0,1.8_5_0892.jpg,Elliptical galaxy,0.0
1.8_5_0893.jpg,Elliptical galaxy,0.0,1.8_5_0893.jpg,Elliptical galaxy,0.0
1.8_5_0894.jpg,Elliptical galaxy,0.0,1.8_5_0894.jpg,Else,6.0
1.8_5_0895.jpg,Elliptical galaxy,0.0,1.8_5_0895.jpg,Elliptical galaxy,0.0
1.8_5_0896.jpg,Elliptical galaxy,0.0,1.8_5_0896.jpg,Elliptical galaxy,0.0
1.8_5_0897.jpg,Elliptical galaxy,0.0,1.8_5_0897.jpg,Else,6.0
1.8_5_0898.jpg,Elliptical galaxy,0.0,1.8_5_0898.jpg,Elliptical galaxy,0.0
1.8_5_0899.jpg,Don’t Know,5.0,1.8_5_0899.jpg,Don’t Know,5.0
1.8_5_0900.jpg,Star,1.0,1.8_5_0900.jpg,Star,1.0
1.8_5_0901.jpg,Don’t Know,5.0,1.8_5_0901.jpg,Star,1.0
1.8_5_0902.jpg,Don’t Know,5.0,1.8_5_0902.jpg,Else,6.0
1.8_5_0903.jpg,Elliptical galaxy,0.0,1.8_5_0903.jpg,Elliptical galaxy,0.0
1.8_5_0904.jpg,Elliptical galaxy,0.0,1.8_5_0904.jpg,Star,1.0
1.8_5_0905.jpg,Clockwise-Z-wise spiral galaxy,2.0,1.8_5_0905.jpg,Elliptical galaxy,0.0
1.8_5_0906.jpg,Don’t Know,5.0,1.8_5_0906.jpg,Elliptical galaxy,0.0
1.8_5_0907.jpg,Elliptical galaxy,0.0,1.8_5_0907.jpg,Elliptical galaxy,0.0
1.8_5_0908.jpg,Elliptical galaxy,0.0,1.8_5_0908.jpg,Elliptical galaxy,0.0
1.8_5_0909.jpg,Elliptical galaxy,0.0,1.8_5_0909.jpg,Elliptical galaxy,0.0
1.8_5_0910.jpg,Elliptical galaxy,0.0,1.8_5_0910.jpg,Elliptical galaxy,0.0
1.8_5_0911.jpg,Elliptical galaxy,0.0,1.8_5_0911.jpg,Else,6.0
1.8_5_0912.jpg,Elliptical galaxy,0.0,1.8_5_0912.jpg,Else,6.0
1.8_5_0913.jpg,Elliptical galaxy,0.0,1.8_5_0913.jpg,Elliptical galaxy,0.0
1.8_5_0914.jpg,Elliptical galaxy,0.0,1.8_5_0914.jpg,Anti-clockwise-S-wise spiral galaxy,4.0
1.8_5_0915.jpg,Elliptical galaxy,0.0,1.8_5_0915.jpg,Star,1.0
1.8_5_0916.jpg,Clockwise-Z-wise spiral galaxy,2.0,1.8_5_0916.jpg,Elliptical galaxy,0.0
1.8_5_0917.jpg,Clockwise-Z-wise spiral galaxy,2.0,1.8_5_0917.jpg,Else,6.0
1.8_5_0918.jpg,Clockwise-Z-wise spiral galaxy,2.0,1.8_5_0918.jpg,Elliptical galaxy,0.0
1.8_5_0919.jpg,Elliptical galaxy,0.0,1.8_5_0919.jpg,Else,6.0
1.8_5_0920.jpg,Elliptical galaxy,0.0,1.8_5_0920.jpg,Elliptical galaxy,0.0
1.8_5_0921.jpg,Elliptical galaxy,0.0,1.8_5_0921.jpg,Elliptical galaxy,0.0
1.8_5_0922.jpg,Elliptical galaxy,0.0,1.8_5_0922.jpg,Elliptical galaxy,0.0
1.8_5_0923.jpg,Elliptical galaxy,0.0,1.8_5_0923.jpg,Else,6.0
1.8_5_0924.jpg,Elliptical galaxy,0.0,1.8_5_0924.jpg,Elliptical galaxy,0.0
1.8_5_0925.jpg,Elliptical galaxy,0.0,1.8_5_0925.jpg,Else,6.0
1.8_5_0926.jpg,Don’t Know,5.0,1.8_5_0926.jpg,Else,6.0
1.8_5_0927.jpg,Elliptical galaxy,0.0,1.8_5_0927.jpg,Elliptical galaxy,0.0
1.8_5_0928.jpg,Star,1.0,1.8_5_0928.jpg,Star,1.0
1.8_5_0929.jpg,Elliptical galaxy,0.0,1.8_5_0929.jpg,Elliptical galaxy,0.0
1.8_5_0930.jpg,Elliptical galaxy,0.0,1.8_5_0930.jpg,Elliptical galaxy,0.0
1.8_5_0931.jpg,Clockwise-Z-wise spiral galaxy,2.0,1.8_5_0931.jpg,Clockwise-Z-wise spiral galaxy,2.0
1.8_5_0932.jpg,Don’t Know,5.0,1.8_5_0932.jpg,Elliptical galaxy,0.0
1.8_5_0933.jpg,Don’t Know,5.0,1.8_5_0933.jpg,Else,6.0
1.8_5_0934.jpg,Don’t Know,5.0,1.8_5_0934.jpg,Else,6.0
1.8_5_0935.jpg,Elliptical galaxy,0.0,1.8_5_0935.jpg,Elliptical galaxy,0.0
1.8_5_0936.jpg,Elliptical galaxy,0.0,1.8_5_0936.jpg,Elliptical galaxy,0.0
1.8_5_0937.jpg,Anti-clockwise-S-wise spiral galaxy,4.0,1.8_5_0937.jpg,Anti-clockwise-S-wise spiral galaxy,4.0
1.8_5_0938.jpg,Elliptical galaxy,0.0,1.8_5_0938.jpg,Elliptical galaxy,0.0
1.8_5_0939.jpg,Elliptical galaxy,0.0,1.8_5_0939.jpg,Elliptical galaxy,0.0
1.8_5_0940.jpg,Elliptical galaxy,0.0,1.8_5_0940.jpg,Else,6.0
1.8_5_0941.jpg,Star,1.0,1.8_5_0941.jpg,Star,1.0
1.8_5_0942.jpg,Anti-clockwise-S-wise spiral galaxy,4.0,1.8_5_0942.jpg,Star,1.0
1.8_5_0943.jpg,Elliptical galaxy,0.0,1.8_5_0943.jpg,Elliptical galaxy,0.0
1.8_5_0944.jpg,Anti-clockwise-S-wise spiral galaxy,4.0,1.8_5_0944.jpg,Elliptical galaxy,0.0
1.8_5_0945.jpg,Elliptical galaxy,0.0,1.8_5_0945.jpg,Elliptical galaxy,0.0
1.8_5_0946.jpg,Don’t Know,5.0,1.8_5_0946.jpg,Star,1.0
1.8_5_0947.jpg,Elliptical galaxy,0.0,1.8_5_0947.jpg,Elliptical galaxy,0.0
1.8_5_0948.jpg,Star,1.0,1.8_5_0948.jpg,Merger,3.0
1.8_5_0949.jpg,Don’t Know,5.0,1.8_5_0949.jpg,Star,1.0
1.8_5_0950.jpg,Don’t Know,5.0,1.8_5_0950.jpg,Star,1.0
1.8_5_0951.jpg,Don’t Know,5.0,1.8_5_0951.jpg,Don’t Know,5.0
1.8_5_0952.jpg,Don’t Know,5.0,1.8_5_0952.jpg,Else,6.0
1.8_5_0953.jpg,Star,1.0,1.8_5_0953.jpg,Star,1.0
1.8_5_0954.jpg,Elliptical galaxy,0.0,1.8_5_0954.jpg,Elliptical galaxy,0.0
1.8_5_0955.jpg,Elliptical galaxy,0.0,1.8_5_0955.jpg,Elliptical galaxy,0.0
1.8_5_0956.jpg,Don’t Know,5.0,1.8_5_0956.jpg,Elliptical galaxy,0.0
1.8_5_0957.jpg,Elliptical galaxy,0.0,1.8_5_0957.jpg,Elliptical galaxy,0.0
1.8_5_0958.jpg,Elliptical galaxy,0.0,1.8_5_0958.jpg,Elliptical galaxy,0.0
1.8_5_0959.jpg,Elliptical galaxy,0.0,1.8_5_0959.jpg,Else,6.0
1.8_5_0960.jpg,Else,6.0,1.8_5_0960.jpg,Star,1.0
1.8_5_0961.jpg,Elliptical galaxy,0.0,1.8_5_0961.jpg,Elliptical galaxy,0.0
1.8_5_0962.jpg,Elliptical galaxy,0.0,1.8_5_0962.jpg,Else,6.0
1.8_5_0963.jpg,Clockwise-Z-wise spiral galaxy,2.0,1.8_5_0963.jpg,Clockwise-Z-wise spiral galaxy,2.0
1.8_5_0964.jpg,Star,1.0,1.8_5_0964.jpg,Else,6.0
1.8_5_0965.jpg,Clockwise-Z-wise spiral galaxy,2.0,1.8_5_0965.jpg,Clockwise-Z-wise spiral galaxy,2.0
1.8_5_0966.jpg,Don’t Know,5.0,1.8_5_0966.jpg,Don’t Know,5.0
1.8_5_0967.jpg,Elliptical galaxy,0.0,1.8_5_0967.jpg,Elliptical galaxy,0.0
1.8_5_0968.jpg,Elliptical galaxy,0.0,1.8_5_0968.jpg,Merger,3.0
1.8_5_0969.jpg,Clockwise-Z-wise spiral galaxy,2.0,1.8_5_0969.jpg,Star,1.0
1.8_5_0970.jpg,Clockwise-Z-wise spiral galaxy,2.0,1.8_5_0970.jpg,Elliptical galaxy,0.0
1.8_5_0971.jpg,Elliptical galaxy,0.0,1.8_5_0971.jpg,Elliptical galaxy,0.0
1.8_5_0972.jpg,Elliptical galaxy,0.0,1.8_5_0972.jpg,Elliptical galaxy,0.0
1.8_5_0973.jpg,Star,1.0,1.8_5_0973.jpg,Star,1.0
1.8_5_0974.jpg,Don’t Know,5.0,1.8_5_0974.jpg,Else,6.0
1.8_5_0975.jpg,Elliptical galaxy,0.0,1.8_5_0975.jpg,Elliptical galaxy,0.0
1.8_5_0976.jpg,Elliptical galaxy,0.0,1.8_5_0976.jpg,Elliptical galaxy,0.0
1.8_5_0977.jpg,Elliptical galaxy,0.0,1.8_5_0977.jpg,Elliptical galaxy,0.0
1.8_5_0978.jpg,Elliptical galaxy,0.0,1.8_5_0978.jpg,Elliptical galaxy,0.0
1.8_5_0979.jpg,Elliptical galaxy,0.0,1.8_5_0979.jpg,Elliptical galaxy,0.0
1.8_5_0980.jpg,Clockwise-Z-wise spiral galaxy,2.0,1.8_5_0980.jpg,Elliptical galaxy,0.0
1.8_5_0981.jpg,Elliptical galaxy,0.0,1.8_5_0981.jpg,Elliptical galaxy,0.0
1.8_5_0982.jpg,Elliptical galaxy,0.0,1.8_5_0982.jpg,Elliptical galaxy,0.0
1.8_5_0983.jpg,Anti-clockwise-S-wise spiral galaxy,4.0,1.8_5_0983.jpg,Star,1.0
1.8_5_0984.jpg,Elliptical galaxy,0.0,1.8_5_0984.jpg,Elliptical galaxy,0.0
1.8_5_0985.jpg,Star,1.0,1.8_5_0985.jpg,Else,6.0
1.8_5_0986.jpg,Elliptical galaxy,0.0,1.8_5_0986.jpg,Elliptical galaxy,0.0
1.8_5_0987.jpg,Elliptical galaxy,0.0,1.8_5_0987.jpg,Else,6.0
1.8_5_0988.jpg,Anti-clockwise-S-wise spiral galaxy,4.0,1.8_5_0988.jpg,Else,6.0
1.8_5_0989.jpg,Elliptical galaxy,0.0,1.8_5_0989.jpg,Elliptical galaxy,0.0
1.8_5_0990.jpg,Don’t Know,5.0,1.8_5_0990.jpg,Elliptical galaxy,0.0
1.8_5_0991.jpg,Clockwise-Z-wise spiral galaxy,2.0,1.8_5_0991.jpg,Clockwise-Z-wise spiral galaxy,2.0
1.8_5_0992.jpg,Elliptical galaxy,0.0,1.8_5_0992.jpg,Elliptical galaxy,0.0
1.8_5_0993.jpg,Elliptical galaxy,0.0,1.8_5_0993.jpg,Merger,3.0
1.8_5_0994.jpg,Elliptical galaxy,0.0,1.8_5_0994.jpg,Elliptical galaxy,0.0
1.8_5_0995.jpg,Elliptical galaxy,0.0,1.8_5_0995.jpg,Elliptical galaxy,0.0
1.8_5_0996.jpg,Star,1.0,1.8_5_0996.jpg,Star,1.0
1.8_5_0997.jpg,Anti-clockwise-S-wise spiral galaxy,4.0,1.8_5_0997.jpg,Elliptical galaxy,0.0
1.8_5_0998.jpg,Elliptical galaxy,0.0,1.8_5_0998.jpg,Elliptical galaxy,0.0
1.8_5_0999.jpg,Star,1.0,1.8_5_0999.jpg,Star,1.0
1.8_10_0500.jpg,Don’t Know,5.0,1.8_10_0500.jpg,Else,6.0
1.8_10_0500.jpg,Don’t Know,5.0,1.8_10_0500.jpg,Elliptical galaxy,0.0
1.8_10_0501.jpg,Star,1.0,1.8_10_0501.jpg,Else,6.0
1.8_10_0501.jpg,Star,1.0,1.8_10_0501.jpg,Merger,3.0
1.8_10_0502.jpg,Elliptical galaxy,0.0,1.8_10_0502.jpg,Elliptical galaxy,0.0
1.8_10_0502.jpg,Elliptical galaxy,0.0,1.8_10_0502.jpg,Elliptical galaxy,0.0
1.8_10_0503.jpg,Star,1.0,1.8_10_0503.jpg,Star,1.0
1.8_10_0503.jpg,Star,1.0,1.8_10_0503.jpg,Elliptical galaxy,0.0
1.8_10_0504.jpg,Don’t Know,5.0,1.8_10_0504.jpg,Star,1.0
1.8_10_0504.jpg,Don’t Know,5.0,1.8_10_0504.jpg,Else,6.0
1.8_10_0505.jpg,Elliptical galaxy,0.0,1.8_10_0505.jpg,Elliptical galaxy,0.0
1.8_10_0505.jpg,Elliptical galaxy,0.0,1.8_10_0505.jpg,Clockwise-Z-wise spiral galaxy,2.0
1.8_10_0506.jpg,Don’t Know,5.0,1.8_10_0506.jpg,Elliptical galaxy,0.0
1.8_10_0506.jpg,Don’t Know,5.0,1.8_10_0506.jpg,Don’t Know,5.0
1.8_10_0507.jpg,Don’t Know,5.0,1.8_10_0507.jpg,Star,1.0
1.8_10_0507.jpg,Don’t Know,5.0,1.8_10_0507.jpg,Elliptical galaxy,0.0
1.8_10_0508.jpg,Don’t Know,5.0,1.8_10_0508.jpg,Elliptical galaxy,0.0
1.8_10_0508.jpg,Don’t Know,5.0,1.8_10_0508.jpg,Elliptical galaxy,0.0
1.8_10_0509.jpg,Elliptical galaxy,0.0,1.8_10_0509.jpg,Clockwise-Z-wise spiral galaxy,2.0
1.8_10_0509.jpg,Elliptical galaxy,0.0,1.8_10_0509.jpg,Elliptical galaxy,0.0
1.8_10_0510.jpg,Clockwise-Z-wise spiral galaxy,2.0,1.8_10_0510.jpg,Clockwise-Z-wise spiral galaxy,2.0
1.8_10_0510.jpg,Clockwise-Z-wise spiral galaxy,2.0,1.8_10_0510.jpg,Clockwise-Z-wise spiral galaxy,2.0
1.8_10_0511.jpg,Elliptical galaxy,0.0,1.8_10_0511.jpg,Elliptical galaxy,0.0
1.8_10_0511.jpg,Elliptical galaxy,0.0,1.8_10_0511.jpg,Elliptical galaxy,0.0
1.8_10_0512.jpg,Don’t Know,5.0,1.8_10_0512.jpg,Elliptical galaxy,0.0
1.8_10_0512.jpg,Don’t Know,5.0,1.8_10_0512.jpg,Elliptical galaxy,0.0
1.8_10_0513.jpg,Star,1.0,1.8_10_0513.jpg,Star,1.0
1.8_10_0513.jpg,Star,1.0,1.8_10_0513.jpg,Elliptical galaxy,0.0
1.8_10_0514.jpg,Don’t Know,5.0,1.8_10_0514.jpg,Don’t Know,5.0
1.8_10_0515.jpg,Anti-clockwise-S-wise spiral galaxy,4.0,1.8_10_0515.jpg,Anti-clockwise-S-wise spiral galaxy,4.0
1.8_10_0516.jpg,Elliptical galaxy,0.0,1.8_10_0516.jpg,Elliptical galaxy,0.0
1.8_10_0517.jpg,Don’t Know,5.0,1.8_10_0517.jpg,Don’t Know,5.0
1.8_10_0518.jpg,Star,1.0,1.8_10_0518.jpg,Else,6.0
1.8_10_0518.jpg,Star,1.0,1.8_10_0518.jpg,Elliptical galaxy,0.0
1.8_10_0519.jpg,Don’t Know,5.0,1.8_10_0519.jpg,Else,6.0
1.8_10_0519.jpg,Don’t Know,5.0,1.8_10_0519.jpg,Else,6.0
1.8_10_0520.jpg,Elliptical galaxy,0.0,1.8_10_0520.jpg,Elliptical galaxy,0.0
1.8_10_0520.jpg,Elliptical galaxy,0.0,1.8_10_0520.jpg,Elliptical galaxy,0.0
1.8_10_0521.jpg,Don’t Know,5.0,1.8_10_0521.jpg,Else,6.0
1.8_10_0521.jpg,Don’t Know,5.0,1.8_10_0521.jpg,Elliptical galaxy,0.0
1.8_10_0522.jpg,Elliptical galaxy,0.0,1.8_10_0522.jpg,Merger,3.0
1.8_10_0522.jpg,Elliptical galaxy,0.0,1.8_10_0522.jpg,Elliptical galaxy,0.0
1.8_10_0523.jpg,Don’t Know,5.0,1.8_10_0523.jpg,Merger,3.0
1.8_10_0523.jpg,Don’t Know,5.0,1.8_10_0523.jpg,Clockwise-Z-wise spiral galaxy,2.0
1.8_10_0524.jpg,Star,1.0,1.8_10_0524.jpg,Else,6.0
1.8_10_0524.jpg,Star,1.0,1.8_10_0524.jpg,Star,1.0
1.8_10_0525.jpg,Don’t Know,5.0,1.8_10_0525.jpg,Merger,3.0
1.8_10_0525.jpg,Don’t Know,5.0,1.8_10_0525.jpg,Don’t Know,5.0
1.8_10_0526.jpg,Elliptical galaxy,0.0,1.8_10_0526.jpg,Else,6.0
1.8_10_0526.jpg,Elliptical galaxy,0.0,1.8_10_0526.jpg,Anti-clockwise-S-wise spiral galaxy,4.0
1.8_10_0527.jpg,Anti-clockwise-S-wise spiral galaxy,4.0,1.8_10_0527.jpg,Anti-clockwise-S-wise spiral galaxy,4.0
1.8_10_0527.jpg,Anti-clockwise-S-wise spiral galaxy,4.0,1.8_10_0527.jpg,Elliptical galaxy,0.0
1.8_10_0528.jpg,Star,1.0,1.8_10_0528.jpg,Merger,3.0
1.8_10_0528.jpg,Star,1.0,1.8_10_0528.jpg,Merger,3.0
1.8_10_0529.jpg,Don’t Know,5.0,1.8_10_0529.jpg,Merger,3.0
1.8_10_0529.jpg,Don’t Know,5.0,1.8_10_0529.jpg,Don’t Know,5.0
1.8_10_0530.jpg,Elliptical galaxy,0.0,1.8_10_0530.jpg,Elliptical galaxy,0.0
1.8_10_0530.jpg,Elliptical galaxy,0.0,1.8_10_0530.jpg,Elliptical galaxy,0.0
1.8_10_0531.jpg,Elliptical galaxy,0.0,1.8_10_0531.jpg,Elliptical galaxy,0.0
1.8_10_0531.jpg,Elliptical galaxy,0.0,1.8_10_0531.jpg,Elliptical galaxy,0.0
1.8_10_0532.jpg,Elliptical galaxy,0.0,1.8_10_0532.jpg,Elliptical galaxy,0.0
1.8_10_0532.jpg,Elliptical galaxy,0.0,1.8_10_0532.jpg,Elliptical galaxy,0.0
1.8_10_0533.jpg,Star,1.0,1.8_10_0533.jpg,Elliptical galaxy,0.0
1.8_10_0533.jpg,Star,1.0,1.8_10_0533.jpg,Elliptical galaxy,0.0
1.8_10_0534.jpg,Don’t Know,5.0,1.8_10_0534.jpg,Else,6.0
1.8_10_0534.jpg,Don’t Know,5.0,1.8_10_0534.jpg,Don’t Know,5.0
1.8_10_0535.jpg,Star,1.0,1.8_10_0535.jpg,Star,1.0
1.8_10_0535.jpg,Star,1.0,1.8_10_0535.jpg,Elliptical galaxy,0.0
1.8_10_0536.jpg,Elliptical galaxy,0.0,1.8_10_0536.jpg,Star,1.0
1.8_10_0536.jpg,Elliptical galaxy,0.0,1.8_10_0536.jpg,Elliptical galaxy,0.0
1.8_10_0537.jpg,Star,1.0,1.8_10_0537.jpg,Elliptical galaxy,0.0
1.8_10_0537.jpg,Star,1.0,1.8_10_0537.jpg,Elliptical galaxy,0.0
1.8_10_0538.jpg,Star,1.0,1.8_10_0538.jpg,Star,1.0
1.8_10_0538.jpg,Star,1.0,1.8_10_0538.jpg,Star,1.0
1.8_10_0539.jpg,Don’t Know,5.0,1.8_10_0539.jpg,Don’t Know,5.0
1.8_10_0539.jpg,Don’t Know,5.0,1.8_10_0539.jpg,Don’t Know,5.0
1.8_10_0540.jpg,Don’t Know,5.0,1.8_10_0540.jpg,Don’t Know,5.0
1.8_10_0540.jpg,Don’t Know,5.0,1.8_10_0540.jpg,Don’t Know,5.0
1.8_10_0541.jpg,Elliptical galaxy,0.0,1.8_10_0541.jpg,Elliptical galaxy,0.0
1.8_10_0541.jpg,Elliptical galaxy,0.0,1.8_10_0541.jpg,Elliptical galaxy,0.0
1.8_10_0542.jpg,Elliptical galaxy,0.0,1.8_10_0542.jpg,Merger,3.0
1.8_10_0542.jpg,Elliptical galaxy,0.0,1.8_10_0542.jpg,Elliptical galaxy,0.0
1.8_10_0543.jpg,Elliptical galaxy,0.0,1.8_10_0543.jpg,Elliptical galaxy,0.0
1.8_10_0543.jpg,Elliptical galaxy,0.0,1.8_10_0543.jpg,Elliptical galaxy,0.0
1.8_10_0544.jpg,Don’t Know,5.0,1.8_10_0544.jpg,Don’t Know,5.0
1.8_10_0544.jpg,Don’t Know,5.0,1.8_10_0544.jpg,Elliptical galaxy,0.0
1.8_10_0545.jpg,Elliptical galaxy,0.0,1.8_10_0545.jpg,Elliptical galaxy,0.0
1.8_10_0545.jpg,Elliptical galaxy,0.0,1.8_10_0545.jpg,Elliptical galaxy,0.0
1.8_10_0546.jpg,Elliptical galaxy,0.0,1.8_10_0546.jpg,Elliptical galaxy,0.0
1.8_10_0546.jpg,Elliptical galaxy,0.0,1.8_10_0546.jpg,Anti-clockwise-S-wise spiral galaxy,4.0
1.8_10_0547.jpg,Don’t Know,5.0,1.8_10_0547.jpg,Don’t Know,5.0
1.8_10_0547.jpg,Don’t Know,5.0,1.8_10_0547.jpg,Elliptical galaxy,0.0
1.8_10_0548.jpg,Don’t Know,5.0,1.8_10_0548.jpg,Don’t Know,5.0
1.8_10_0548.jpg,Don’t Know,5.0,1.8_10_0548.jpg,Elliptical galaxy,0.0
1.8_10_0549.jpg,Elliptical galaxy,0.0,1.8_10_0549.jpg,Elliptical galaxy,0.0
1.8_10_0549.jpg,Elliptical galaxy,0.0,1.8_10_0549.jpg,Elliptical galaxy,0.0
1.8_10_0550.jpg,Elliptical galaxy,0.0,1.8_10_0550.jpg,Elliptical galaxy,0.0
1.8_10_0550.jpg,Elliptical galaxy,0.0,1.8_10_0550.jpg,Elliptical galaxy,0.0
1.8_10_0551.jpg,Don’t Know,5.0,1.8_10_0551.jpg,Don’t Know,5.0
1.8_10_0551.jpg,Don’t Know,5.0,1.8_10_0551.jpg,Elliptical galaxy,0.0
1.8_10_0552.jpg,Elliptical galaxy,0.0,1.8_10_0552.jpg,Elliptical galaxy,0.0
1.8_10_0552.jpg,Elliptical galaxy,0.0,1.8_10_0552.jpg,Elliptical galaxy,0.0
1.8_10_0553.jpg,Merger,3.0,1.8_10_0553.jpg,Don’t Know,5.0
1.8_10_0553.jpg,Merger,3.0,1.8_10_0553.jpg,Don’t Know,5.0
1.8_10_0554.jpg,Star,1.0,1.8_10_0554.jpg,Star,1.0
1.8_10_0554.jpg,Star,1.0,1.8_10_0554.jpg,Star,1.0
1.8_10_0555.jpg,Star,1.0,1.8_10_0555.jpg,Star,1.0
1.8_10_0555.jpg,Star,1.0,1.8_10_0555.jpg,Star,1.0
1.8_10_0556.jpg,Star,1.0,1.8_10_0556.jpg,Elliptical galaxy,0.0
1.8_10_0556.jpg,Star,1.0,1.8_10_0556.jpg,Star,1.0
1.8_10_0557.jpg,Star,1.0,1.8_10_0557.jpg,Else,6.0
1.8_10_0557.jpg,Star,1.0,1.8_10_0557.jpg,Star,1.0
1.8_10_0558.jpg,Don’t Know,5.0,1.8_10_0558.jpg,Don’t Know,5.0
1.8_10_0558.jpg,Don’t Know,5.0,1.8_10_0558.jpg,Else,6.0
1.8_10_0559.jpg,Don’t Know,5.0,1.8_10_0559.jpg,Star,1.0
1.8_10_0559.jpg,Don’t Know,5.0,1.8_10_0559.jpg,Else,6.0
1.8_10_0560.jpg,Star,1.0,1.8_10_0560.jpg,Elliptical galaxy,0.0
1.8_10_0560.jpg,Star,1.0,1.8_10_0560.jpg,Else,6.0
1.8_10_0561.jpg,Elliptical galaxy,0.0,1.8_10_0561.jpg,Elliptical galaxy,0.0
1.8_10_0561.jpg,Elliptical galaxy,0.0,1.8_10_0561.jpg,Elliptical galaxy,0.0
1.8_10_0562.jpg,Elliptical galaxy,0.0,1.8_10_0562.jpg,Elliptical galaxy,0.0
1.8_10_0562.jpg,Elliptical galaxy,0.0,1.8_10_0562.jpg,Elliptical galaxy,0.0
1.8_10_0563.jpg,Don’t Know,5.0,1.8_10_0563.jpg,Elliptical galaxy,0.0
1.8_10_0563.jpg,Don’t Know,5.0,1.8_10_0563.jpg,Elliptical galaxy,0.0
1.8_10_0564.jpg,Elliptical galaxy,0.0,1.8_10_0564.jpg,Star,1.0
1.8_10_0564.jpg,Elliptical galaxy,0.0,1.8_10_0564.jpg,Elliptical galaxy,0.0
1.8_10_0565.jpg,Clockwise-Z-wise spiral galaxy,2.0,1.8_10_0565.jpg,Star,1.0
1.8_10_0565.jpg,Clockwise-Z-wise spiral galaxy,2.0,1.8_10_0565.jpg,Elliptical galaxy,0.0
1.8_10_0566.jpg,Don’t Know,5.0,1.8_10_0566.jpg,Don’t Know,5.0
1.8_10_0566.jpg,Don’t Know,5.0,1.8_10_0566.jpg,Don’t Know,5.0
1.8_10_0567.jpg,Don’t Know,5.0,1.8_10_0567.jpg,Elliptical galaxy,0.0
1.8_10_0567.jpg,Don’t Know,5.0,1.8_10_0567.jpg,Don’t Know,5.0
1.8_10_0568.jpg,Don’t Know,5.0,1.8_10_0568.jpg,Clockwise-Z-wise spiral galaxy,2.0
1.8_10_0568.jpg,Don’t Know,5.0,1.8_10_0568.jpg,Don’t Know,5.0
1.8_10_0569.jpg,Star,1.0,1.8_10_0569.jpg,Elliptical galaxy,0.0
1.8_10_0569.jpg,Star,1.0,1.8_10_0569.jpg,Elliptical galaxy,0.0
1.8_10_0570.jpg,Star,1.0,1.8_10_0570.jpg,Elliptical galaxy,0.0
1.8_10_0570.jpg,Star,1.0,1.8_10_0570.jpg,Elliptical galaxy,0.0
1.8_10_0571.jpg,Star,1.0,1.8_10_0571.jpg,Merger,3.0
1.8_10_0571.jpg,Star,1.0,1.8_10_0571.jpg,Elliptical galaxy,0.0
1.8_10_0572.jpg,Elliptical galaxy,0.0,1.8_10_0572.jpg,Anti-clockwise-S-wise spiral galaxy,4.0
1.8_10_0572.jpg,Elliptical galaxy,0.0,1.8_10_0572.jpg,Elliptical galaxy,0.0
1.8_10_0573.jpg,Star,1.0,1.8_10_0573.jpg,Star,1.0
1.8_10_0573.jpg,Star,1.0,1.8_10_0573.jpg,Elliptical galaxy,0.0
1.8_10_0574.jpg,Don’t Know,5.0,1.8_10_0574.jpg,Anti-clockwise-S-wise spiral galaxy,4.0
1.8_10_0574.jpg,Don’t Know,5.0,1.8_10_0574.jpg,Elliptical galaxy,0.0
1.8_10_0575.jpg,Elliptical galaxy,0.0,1.8_10_0575.jpg,Elliptical galaxy,0.0
1.8_10_0575.jpg,Elliptical galaxy,0.0,1.8_10_0575.jpg,Elliptical galaxy,0.0
1.8_10_0576.jpg,Don’t Know,5.0,1.8_10_0576.jpg,Else,6.0
1.8_10_0576.jpg,Don’t Know,5.0,1.8_10_0576.jpg,Else,6.0
1.8_10_0577.jpg,Star,1.0,1.8_10_0577.jpg,Else,6.0
1.8_10_0577.jpg,Star,1.0,1.8_10_0577.jpg,Star,1.0
1.8_10_0578.jpg,Elliptical galaxy,0.0,1.8_10_0578.jpg,Elliptical galaxy,0.0
1.8_10_0578.jpg,Elliptical galaxy,0.0,1.8_10_0578.jpg,Elliptical galaxy,0.0
1.8_10_0579.jpg,Clockwise-Z-wise spiral galaxy,2.0,1.8_10_0579.jpg,Clockwise-Z-wise spiral galaxy,2.0
1.8_10_0579.jpg,Clockwise-Z-wise spiral galaxy,2.0,1.8_10_0579.jpg,Clockwise-Z-wise spiral galaxy,2.0
1.8_10_0580.jpg,Don’t Know,5.0,1.8_10_0580.jpg,Merger,3.0
1.8_10_0580.jpg,Don’t Know,5.0,1.8_10_0580.jpg,Elliptical galaxy,0.0
1.8_10_0581.jpg,Star,1.0,1.8_10_0581.jpg,Merger,3.0
1.8_10_0581.jpg,Star,1.0,1.8_10_0581.jpg,Merger,3.0
1.8_10_0582.jpg,Don’t Know,5.0,1.8_10_0582.jpg,Don’t Know,5.0
1.8_10_0582.jpg,Don’t Know,5.0,1.8_10_0582.jpg,Else,6.0
1.8_10_0583.jpg,Elliptical galaxy,0.0,1.8_10_0583.jpg,Elliptical galaxy,0.0
1.8_10_0583.jpg,Elliptical galaxy,0.0,1.8_10_0583.jpg,Elliptical galaxy,0.0
1.8_10_0584.jpg,Elliptical galaxy,0.0,1.8_10_0584.jpg,Anti-clockwise-S-wise spiral galaxy,4.0
1.8_10_0584.jpg,Elliptical galaxy,0.0,1.8_10_0584.jpg,Anti-clockwise-S-wise spiral galaxy,4.0
1.8_10_0585.jpg,Elliptical galaxy,0.0,1.8_10_0585.jpg,Elliptical galaxy,0.0
1.8_10_0585.jpg,Elliptical galaxy,0.0,1.8_10_0585.jpg,Elliptical galaxy,0.0
1.8_10_0586.jpg,Don’t Know,5.0,1.8_10_0586.jpg,Star,1.0
1.8_10_0586.jpg,Don’t Know,5.0,1.8_10_0586.jpg,Elliptical galaxy,0.0
1.8_10_0587.jpg,Star,1.0,1.8_10_0587.jpg,Star,1.0
1.8_10_0587.jpg,Star,1.0,1.8_10_0587.jpg,Elliptical galaxy,0.0
1.8_10_0588.jpg,Don’t Know,5.0,1.8_10_0588.jpg,Else,6.0
1.8_10_0588.jpg,Don’t Know,5.0,1.8_10_0588.jpg,Else,6.0
1.8_10_0589.jpg,Star,1.0,1.8_10_0589.jpg,Star,1.0
1.8_10_0589.jpg,Star,1.0,1.8_10_0589.jpg,Star,1.0
1.8_10_0590.jpg,Elliptical galaxy,0.0,1.8_10_0590.jpg,Elliptical galaxy,0.0
1.8_10_0590.jpg,Elliptical galaxy,0.0,1.8_10_0590.jpg,Elliptical galaxy,0.0
1.8_10_0591.jpg,Don’t Know,5.0,1.8_10_0591.jpg,Don’t Know,5.0
1.8_10_0591.jpg,Don’t Know,5.0,1.8_10_0591.jpg,Else,6.0
1.8_10_0592.jpg,Don’t Know,5.0,1.8_10_0592.jpg,Elliptical galaxy,0.0
1.8_10_0592.jpg,Don’t Know,5.0,1.8_10_0592.jpg,Else,6.0
1.8_10_0593.jpg,Don’t Know,5.0,1.8_10_0593.jpg,Elliptical galaxy,0.0
1.8_10_0593.jpg,Don’t Know,5.0,1.8_10_0593.jpg,Elliptical galaxy,0.0
1.8_10_0594.jpg,Anti-clockwise-S-wise spiral galaxy,4.0,1.8_10_0594.jpg,Anti-clockwise-S-wise spiral galaxy,4.0
1.8_10_0594.jpg,Anti-clockwise-S-wise spiral galaxy,4.0,1.8_10_0594.jpg,Elliptical galaxy,0.0
1.8_10_0595.jpg,Don’t Know,5.0,1.8_10_0595.jpg,Elliptical galaxy,0.0
1.8_10_0595.jpg,Don’t Know,5.0,1.8_10_0595.jpg,Elliptical galaxy,0.0
1.8_10_0596.jpg,Star,1.0,1.8_10_0596.jpg,Elliptical galaxy,0.0
1.8_10_0596.jpg,Star,1.0,1.8_10_0596.jpg,Else,6.0
1.8_10_0597.jpg,Star,1.0,1.8_10_0597.jpg,Elliptical galaxy,0.0
1.8_10_0597.jpg,Star,1.0,1.8_10_0597.jpg,Elliptical galaxy,0.0
1.8_10_0598.jpg,Don’t Know,5.0,1.8_10_0598.jpg,Don’t Know,5.0
1.8_10_0598.jpg,Don’t Know,5.0,1.8_10_0598.jpg,Elliptical galaxy,0.0
1.8_10_0599.jpg,Don’t Know,5.0,1.8_10_0599.jpg,Star,1.0
1.8_10_0599.jpg,Don’t Know,5.0,1.8_10_0599.jpg,Elliptical galaxy,0.0
1.8_10_0600.jpg,Don’t Know,5.0,1.8_10_0600.jpg,Don’t Know,5.0
1.8_10_0600.jpg,Don’t Know,5.0,1.8_10_0600.jpg,Else,6.0
1.8_10_0601.jpg,Don’t Know,5.0,1.8_10_0601.jpg,Else,6.0
1.8_10_0601.jpg,Don’t Know,5.0,1.8_10_0601.jpg,Don’t Know,5.0
1.8_10_0602.jpg,Don’t Know,5.0,1.8_10_0602.jpg,Don’t Know,5.0
1.8_10_0602.jpg,Don’t Know,5.0,1.8_10_0602.jpg,Don’t Know,5.0
1.8_10_0603.jpg,Anti-clockwise-S-wise spiral galaxy,4.0,1.8_10_0603.jpg,Anti-clockwise-S-wise spiral galaxy,4.0
1.8_10_0603.jpg,Anti-clockwise-S-wise spiral galaxy,4.0,1.8_10_0603.jpg,Anti-clockwise-S-wise spiral galaxy,4.0
1.8_10_0604.jpg,Don’t Know,5.0,1.8_10_0604.jpg,Elliptical galaxy,0.0
1.8_10_0604.jpg,Don’t Know,5.0,1.8_10_0604.jpg,Else,6.0
1.8_10_0605.jpg,Don’t Know,5.0,1.8_10_0605.jpg,Don’t Know,5.0
1.8_10_0605.jpg,Don’t Know,5.0,1.8_10_0605.jpg,Else,6.0
1.8_10_0606.jpg,Don’t Know,5.0,1.8_10_0606.jpg,Don’t Know,5.0
1.8_10_0606.jpg,Don’t Know,5.0,1.8_10_0606.jpg,Else,6.0
1.8_10_0607.jpg,Don’t Know,5.0,1.8_10_0607.jpg,Elliptical galaxy,0.0
1.8_10_0607.jpg,Don’t Know,5.0,1.8_10_0607.jpg,Else,6.0
1.8_10_0608.jpg,Don’t Know,5.0,1.8_10_0608.jpg,Else,6.0
1.8_10_0608.jpg,Don’t Know,5.0,1.8_10_0608.jpg,Else,6.0
1.8_10_0609.jpg,Elliptical galaxy,0.0,1.8_10_0609.jpg,Elliptical galaxy,0.0
1.8_10_0609.jpg,Elliptical galaxy,0.0,1.8_10_0609.jpg,Elliptical galaxy,0.0
1.8_10_0610.jpg,Clockwise-Z-wise spiral galaxy,2.0,1.8_10_0610.jpg,Elliptical galaxy,0.0
1.8_10_0610.jpg,Clockwise-Z-wise spiral galaxy,2.0,1.8_10_0610.jpg,Elliptical galaxy,0.0
1.8_10_0611.jpg,Don’t Know,5.0,1.8_10_0611.jpg,Don’t Know,5.0
1.8_10_0611.jpg,Don’t Know,5.0,1.8_10_0611.jpg,Don’t Know,5.0
1.8_10_0612.jpg,Clockwise-Z-wise spiral galaxy,2.0,1.8_10_0612.jpg,Elliptical galaxy,0.0
1.8_10_0612.jpg,Clockwise-Z-wise spiral galaxy,2.0,1.8_10_0612.jpg,Elliptical galaxy,0.0
1.8_10_0613.jpg,Don’t Know,5.0,1.8_10_0613.jpg,Don’t Know,5.0
1.8_10_0613.jpg,Don’t Know,5.0,1.8_10_0613.jpg,Don’t Know,5.0
1.8_10_0614.jpg,Anti-clockwise-S-wise spiral galaxy,4.0,1.8_10_0614.jpg,Anti-clockwise-S-wise spiral galaxy,4.0
1.8_10_0614.jpg,Anti-clockwise-S-wise spiral galaxy,4.0,1.8_10_0614.jpg,Anti-clockwise-S-wise spiral galaxy,4.0
1.8_10_0615.jpg,Star,1.0,1.8_10_0615.jpg,Else,6.0
1.8_10_0615.jpg,Star,1.0,1.8_10_0615.jpg,Elliptical galaxy,0.0
1.8_10_0616.jpg,Don’t Know,5.0,1.8_10_0616.jpg,Else,6.0
1.8_10_0616.jpg,Don’t Know,5.0,1.8_10_0616.jpg,Elliptical galaxy,0.0
1.8_10_0617.jpg,Elliptical galaxy,0.0,1.8_10_0617.jpg,Elliptical galaxy,0.0
1.8_10_0618.jpg,Star,1.0,1.8_10_0618.jpg,Star,1.0
1.8_10_0618.jpg,Star,1.0,1.8_10_0618.jpg,Elliptical galaxy,0.0
1.8_10_0619.jpg,Elliptical galaxy,0.0,1.8_10_0619.jpg,Elliptical galaxy,0.0
1.8_10_0619.jpg,Elliptical galaxy,0.0,1.8_10_0619.jpg,Elliptical galaxy,0.0
1.8_10_0620.jpg,Elliptical galaxy,0.0,1.8_10_0620.jpg,Elliptical galaxy,0.0
1.8_10_0620.jpg,Elliptical galaxy,0.0,1.8_10_0620.jpg,Elliptical galaxy,0.0
1.8_10_0621.jpg,Anti-clockwise-S-wise spiral galaxy,4.0,1.8_10_0621.jpg,Elliptical galaxy,0.0
1.8_10_0621.jpg,Anti-clockwise-S-wise spiral galaxy,4.0,1.8_10_0621.jpg,Elliptical galaxy,0.0
1.8_10_0622.jpg,Don’t Know,5.0,1.8_10_0622.jpg,Don’t Know,5.0
1.8_10_0622.jpg,Don’t Know,5.0,1.8_10_0622.jpg,Don’t Know,5.0
1.8_10_0623.jpg,Elliptical galaxy,0.0,1.8_10_0623.jpg,Elliptical galaxy,0.0
1.8_10_0623.jpg,Elliptical galaxy,0.0,1.8_10_0623.jpg,Elliptical galaxy,0.0
1.8_10_0624.jpg,Star,1.0,1.8_10_0624.jpg,Star,1.0
1.8_10_0624.jpg,Star,1.0,1.8_10_0624.jpg,Star,1.0
1.8_10_0625.jpg,Elliptical galaxy,0.0,1.8_10_0625.jpg,Elliptical galaxy,0.0
1.8_10_0625.jpg,Elliptical galaxy,0.0,1.8_10_0625.jpg,Elliptical galaxy,0.0
1.8_10_0626.jpg,Don’t Know,5.0,1.8_10_0626.jpg,Don’t Know,5.0
1.8_10_0626.jpg,Don’t Know,5.0,1.8_10_0626.jpg,Don’t Know,5.0
1.8_10_0627.jpg,Anti-clockwise-S-wise spiral galaxy,4.0,1.8_10_0627.jpg,Elliptical galaxy,0.0
1.8_10_0627.jpg,Anti-clockwise-S-wise spiral galaxy,4.0,1.8_10_0627.jpg,Elliptical galaxy,0.0
1.8_10_0628.jpg,Elliptical galaxy,0.0,1.8_10_0628.jpg,Elliptical galaxy,0.0
1.8_10_0628.jpg,Elliptical galaxy,0.0,1.8_10_0628.jpg,Elliptical galaxy,0.0
1.8_10_0629.jpg,Don’t Know,5.0,1.8_10_0629.jpg,Else,6.0
1.8_10_0629.jpg,Don’t Know,5.0,1.8_10_0629.jpg,Else,6.0
1.8_10_0630.jpg,Don’t Know,5.0,1.8_10_0630.jpg,Else,6.0
1.8_10_0630.jpg,Don’t Know,5.0,1.8_10_0630.jpg,Elliptical galaxy,0.0
1.8_10_0631.jpg,Elliptical galaxy,0.0,1.8_10_0631.jpg,Elliptical galaxy,0.0
1.8_10_0631.jpg,Elliptical galaxy,0.0,1.8_10_0631.jpg,Elliptical galaxy,0.0
1.8_10_0632.jpg,Elliptical galaxy,0.0,1.8_10_0632.jpg,Elliptical galaxy,0.0
1.8_10_0632.jpg,Elliptical galaxy,0.0,1.8_10_0632.jpg,Elliptical galaxy,0.0
1.8_10_0633.jpg,Don’t Know,5.0,1.8_10_0633.jpg,Don’t Know,5.0
1.8_10_0633.jpg,Don’t Know,5.0,1.8_10_0633.jpg,Don’t Know,5.0
1.8_10_0634.jpg,Don’t Know,5.0,1.8_10_0634.jpg,Else,6.0
1.8_10_0634.jpg,Don’t Know,5.0,1.8_10_0634.jpg,Elliptical galaxy,0.0
1.8_10_0635.jpg,Anti-clockwise-S-wise spiral galaxy,4.0,1.8_10_0635.jpg,Anti-clockwise-S-wise spiral galaxy,4.0
1.8_10_0635.jpg,Anti-clockwise-S-wise spiral galaxy,4.0,1.8_10_0635.jpg,Elliptical galaxy,0.0
1.8_10_0636.jpg,Merger,3.0,1.8_10_0636.jpg,Merger,3.0
1.8_10_0636.jpg,Merger,3.0,1.8_10_0636.jpg,Else,6.0
1.8_10_0637.jpg,Clockwise-Z-wise spiral galaxy,2.0,1.8_10_0637.jpg,Else,6.0
1.8_10_0637.jpg,Clockwise-Z-wise spiral galaxy,2.0,1.8_10_0637.jpg,Else,6.0
1.8_10_0638.jpg,Don’t Know,5.0,1.8_10_0638.jpg,Don’t Know,5.0
1.8_10_0638.jpg,Don’t Know,5.0,1.8_10_0638.jpg,Else,6.0
1.8_10_0639.jpg,Clockwise-Z-wise spiral galaxy,2.0,1.8_10_0639.jpg,Clockwise-Z-wise spiral galaxy,2.0
1.8_10_0639.jpg,Clockwise-Z-wise spiral galaxy,2.0,1.8_10_0639.jpg,Clockwise-Z-wise spiral galaxy,2.0
1.8_10_0640.jpg,Star,1.0,1.8_10_0640.jpg,Merger,3.0
1.8_10_0640.jpg,Star,1.0,1.8_10_0640.jpg,Elliptical galaxy,0.0
1.8_10_0641.jpg,Elliptical galaxy,0.0,1.8_10_0641.jpg,Elliptical galaxy,0.0
1.8_10_0641.jpg,Elliptical galaxy,0.0,1.8_10_0641.jpg,Elliptical galaxy,0.0
1.8_10_0642.jpg,Elliptical galaxy,0.0,1.8_10_0642.jpg,Elliptical galaxy,0.0
1.8_10_0642.jpg,Elliptical galaxy,0.0,1.8_10_0642.jpg,Elliptical galaxy,0.0
1.8_10_0643.jpg,Elliptical galaxy,0.0,1.8_10_0643.jpg,Elliptical galaxy,0.0
1.8_10_0643.jpg,Elliptical galaxy,0.0,1.8_10_0643.jpg,Elliptical galaxy,0.0
1.8_10_0644.jpg,Don’t Know,5.0,1.8_10_0644.jpg,Elliptical galaxy,0.0
1.8_10_0644.jpg,Don’t Know,5.0,1.8_10_0644.jpg,Elliptical galaxy,0.0
1.8_10_0645.jpg,Elliptical galaxy,0.0,1.8_10_0645.jpg,Elliptical galaxy,0.0
1.8_10_0645.jpg,Elliptical galaxy,0.0,1.8_10_0645.jpg,Elliptical galaxy,0.0
1.8_10_0646.jpg,Elliptical galaxy,0.0,1.8_10_0646.jpg,Elliptical galaxy,0.0
1.8_10_0646.jpg,Elliptical galaxy,0.0,1.8_10_0646.jpg,Elliptical galaxy,0.0
1.8_10_0647.jpg,Elliptical galaxy,0.0,1.8_10_0647.jpg,Elliptical galaxy,0.0
1.8_10_0647.jpg,Elliptical galaxy,0.0,1.8_10_0647.jpg,Elliptical galaxy,0.0
1.8_10_0648.jpg,Clockwise-Z-wise spiral galaxy,2.0,1.8_10_0648.jpg,Clockwise-Z-wise spiral galaxy,2.0
1.8_10_0648.jpg,Clockwise-Z-wise spiral galaxy,2.0,1.8_10_0648.jpg,Elliptical galaxy,0.0
1.8_10_0649.jpg,Star,1.0,1.8_10_0649.jpg,Else,6.0
1.8_10_0650.jpg,Elliptical galaxy,0.0,1.8_10_0650.jpg,Elliptical galaxy,0.0
1.8_10_0651.jpg,Don’t Know,5.0,1.8_10_0651.jpg,Elliptical galaxy,0.0
1.8_10_0652.jpg,Elliptical galaxy,0.0,1.8_10_0652.jpg,Elliptical galaxy,0.0
1.8_10_0653.jpg,Don’t Know,5.0,1.8_10_0653.jpg,Elliptical galaxy,0.0
1.8_10_0654.jpg,Elliptical galaxy,0.0,1.8_10_0654.jpg,Elliptical galaxy,0.0
1.8_10_0655.jpg,Merger,3.0,1.8_10_0655.jpg,Elliptical galaxy,0.0
1.8_10_0656.jpg,Elliptical galaxy,0.0,1.8_10_0656.jpg,Elliptical galaxy,0.0
1.8_10_0657.jpg,Star,1.0,1.8_10_0657.jpg,Elliptical galaxy,0.0
1.8_10_0658.jpg,Star,1.0,1.8_10_0658.jpg,Elliptical galaxy,0.0
1.8_10_0659.jpg,Don’t Know,5.0,1.8_10_0659.jpg,Elliptical galaxy,0.0
1.8_10_0660.jpg,Don’t Know,5.0,1.8_10_0660.jpg,Don’t Know,5.0
1.8_10_0661.jpg,Elliptical galaxy,0.0,1.8_10_0661.jpg,Else,6.0
1.8_10_0662.jpg,Don’t Know,5.0,1.8_10_0662.jpg,Else,6.0
1.8_10_0663.jpg,Star,1.0,1.8_10_0663.jpg,Elliptical galaxy,0.0
1.8_10_0664.jpg,Elliptical galaxy,0.0,1.8_10_0664.jpg,Elliptical galaxy,0.0
1.8_10_0665.jpg,Don’t Know,5.0,1.8_10_0665.jpg,Elliptical galaxy,0.0
1.8_10_0666.jpg,Star,1.0,1.8_10_0666.jpg,Elliptical galaxy,0.0
1.8_10_0667.jpg,Elliptical galaxy,0.0,1.8_10_0667.jpg,Elliptical galaxy,0.0
1.8_10_0668.jpg,Elliptical galaxy,0.0,1.8_10_0668.jpg,Elliptical galaxy,0.0
1.8_10_0669.jpg,Elliptical galaxy,0.0,1.8_10_0669.jpg,Elliptical galaxy,0.0
1.8_10_0670.jpg,Elliptical galaxy,0.0,1.8_10_0670.jpg,Elliptical galaxy,0.0
1.8_10_0671.jpg,Clockwise-Z-wise spiral galaxy,2.0,1.8_10_0671.jpg,Elliptical galaxy,0.0
1.8_10_0672.jpg,Star,1.0,1.8_10_0672.jpg,Elliptical galaxy,0.0
1.8_10_0673.jpg,Don’t Know,5.0,1.8_10_0673.jpg,Else,6.0
1.8_10_0674.jpg,Don’t Know,5.0,1.8_10_0674.jpg,Else,6.0
1.8_10_0675.jpg,Don’t Know,5.0,1.8_10_0675.jpg,Else,6.0
1.8_10_0676.jpg,Anti-clockwise-S-wise spiral galaxy,4.0,1.8_10_0676.jpg,Elliptical galaxy,0.0
1.8_10_0677.jpg,Elliptical galaxy,0.0,1.8_10_0677.jpg,Elliptical galaxy,0.0
1.8_10_0678.jpg,Don’t Know,5.0,1.8_10_0678.jpg,Don’t Know,5.0
1.8_10_0679.jpg,Clockwise-Z-wise spiral galaxy,2.0,1.8_10_0679.jpg,Clockwise-Z-wise spiral galaxy,2.0
1.8_10_0680.jpg,Elliptical galaxy,0.0,1.8_10_0680.jpg,Clockwise-Z-wise spiral galaxy,2.0
1.8_10_0681.jpg,Elliptical galaxy,0.0,1.8_10_0681.jpg,Clockwise-Z-wise spiral galaxy,2.0
1.8_10_0682.jpg,Elliptical galaxy,0.0,1.8_10_0682.jpg,Clockwise-Z-wise spiral galaxy,2.0
1.8_10_0683.jpg,Don’t Know,5.0,1.8_10_0683.jpg,Don’t Know,5.0
1.8_10_0684.jpg,Don’t Know,5.0,1.8_10_0684.jpg,Don’t Know,5.0
1.8_10_0685.jpg,Don’t Know,5.0,1.8_10_0685.jpg,Don’t Know,5.0
1.8_10_0686.jpg,Don’t Know,5.0,1.8_10_0686.jpg,Don’t Know,5.0
1.8_10_0687.jpg,Elliptical galaxy,0.0,1.8_10_0687.jpg,Elliptical galaxy,0.0
1.8_10_0688.jpg,Elliptical galaxy,0.0,1.8_10_0688.jpg,Star,1.0
1.8_10_0689.jpg,Elliptical galaxy,0.0,1.8_10_0689.jpg,Elliptical galaxy,0.0
1.8_10_0690.jpg,Don’t Know,5.0,1.8_10_0690.jpg,Else,6.0
1.8_10_0691.jpg,Don’t Know,5.0,1.8_10_0691.jpg,Elliptical galaxy,0.0
1.8_10_0692.jpg,Don’t Know,5.0,1.8_10_0692.jpg,Else,6.0
1.8_10_0693.jpg,Elliptical galaxy,0.0,1.8_10_0693.jpg,Elliptical galaxy,0.0
1.8_10_0694.jpg,Don’t Know,5.0,1.8_10_0694.jpg,Elliptical galaxy,0.0
1.8_10_0695.jpg,Clockwise-Z-wise spiral galaxy,2.0,1.8_10_0695.jpg,Elliptical galaxy,0.0
1.8_10_0696.jpg,Don’t Know,5.0,1.8_10_0696.jpg,Don’t Know,5.0
1.8_10_0697.jpg,Don’t Know,5.0,1.8_10_0697.jpg,Don’t Know,5.0
1.8_10_0698.jpg,Don’t Know,5.0,1.8_10_0698.jpg,Elliptical galaxy,0.0
1.8_10_0699.jpg,Don’t Know,5.0,1.8_10_0699.jpg,Else,6.0
1.8_10_0700.jpg,Don’t Know,5.0,1.8_10_0700.jpg,Else,6.0
1.8_10_0701.jpg,Don’t Know,5.0,1.8_10_0701.jpg,Else,6.0
1.8_10_0702.jpg,Elliptical galaxy,0.0,1.8_10_0702.jpg,Elliptical galaxy,0.0
1.8_10_0703.jpg,Clockwise-Z-wise spiral galaxy,2.0,1.8_10_0703.jpg,Elliptical galaxy,0.0
1.8_10_0704.jpg,Don’t Know,5.0,1.8_10_0704.jpg,Else,6.0
1.8_10_0705.jpg,Anti-clockwise-S-wise spiral galaxy,4.0,1.8_10_0705.jpg,Anti-clockwise-S-wise spiral galaxy,4.0
1.8_10_0706.jpg,Star,1.0,1.8_10_0706.jpg,Anti-clockwise-S-wise spiral galaxy,4.0
1.8_10_0707.jpg,Star,1.0,1.8_10_0707.jpg,Elliptical galaxy,0.0
1.8_10_0708.jpg,Clockwise-Z-wise spiral galaxy,2.0,1.8_10_0708.jpg,Elliptical galaxy,0.0
1.8_10_0709.jpg,Elliptical galaxy,0.0,1.8_10_0709.jpg,Elliptical galaxy,0.0
1.8_10_0710.jpg,Don’t Know,5.0,1.8_10_0710.jpg,Don’t Know,5.0
1.8_10_0711.jpg,Don’t Know,5.0,1.8_10_0711.jpg,Don’t Know,5.0
1.8_10_0712.jpg,Elliptical galaxy,0.0,1.8_10_0712.jpg,Elliptical galaxy,0.0
1.8_10_0713.jpg,Star,1.0,1.8_10_0713.jpg,Star,1.0
1.8_10_0714.jpg,Don’t Know,5.0,1.8_10_0714.jpg,Elliptical galaxy,0.0
1.8_10_0715.jpg,Don’t Know,5.0,1.8_10_0715.jpg,Elliptical galaxy,0.0
1.8_10_0716.jpg,Don’t Know,5.0,1.8_10_0716.jpg,Elliptical galaxy,0.0
1.8_10_0717.jpg,Don’t Know,5.0,1.8_10_0717.jpg,Elliptical galaxy,0.0
1.8_10_0718.jpg,Star,1.0,1.8_10_0718.jpg,Elliptical galaxy,0.0
1.8_10_0719.jpg,Clockwise-Z-wise spiral galaxy,2.0,1.8_10_0719.jpg,Elliptical galaxy,0.0
1.8_10_0720.jpg,Star,1.0,1.8_10_0720.jpg,Star,1.0
1.8_10_0721.jpg,Clockwise-Z-wise spiral galaxy,2.0,1.8_10_0721.jpg,Elliptical galaxy,0.0
1.8_10_0722.jpg,Clockwise-Z-wise spiral galaxy,2.0,1.8_10_0722.jpg,Elliptical galaxy,0.0
1.8_10_0723.jpg,Don’t Know,5.0,1.8_10_0723.jpg,Don’t Know,5.0
1.8_10_0724.jpg,Don’t Know,5.0,1.8_10_0724.jpg,Don’t Know,5.0
1.8_10_0725.jpg,Elliptical galaxy,0.0,1.8_10_0725.jpg,Else,6.0
1.8_10_0726.jpg,Clockwise-Z-wise spiral galaxy,2.0,1.8_10_0726.jpg,Elliptical galaxy,0.0
1.8_10_0727.jpg,Don’t Know,5.0,1.8_10_0727.jpg,Elliptical galaxy,0.0
1.8_10_0728.jpg,Clockwise-Z-wise spiral galaxy,2.0,1.8_10_0728.jpg,Elliptical galaxy,0.0
1.8_10_0729.jpg,Star,1.0,1.8_10_0729.jpg,Star,1.0
1.8_10_0730.jpg,Don’t Know,5.0,1.8_10_0730.jpg,Anti-clockwise-S-wise spiral galaxy,4.0
1.8_10_0731.jpg,Don’t Know,5.0,1.8_10_0731.jpg,Anti-clockwise-S-wise spiral galaxy,4.0
1.8_10_0732.jpg,Don’t Know,5.0,1.8_10_0732.jpg,Else,6.0
1.8_10_0733.jpg,Elliptical galaxy,0.0,1.8_10_0733.jpg,Elliptical galaxy,0.0
1.8_10_0734.jpg,Star,1.0,1.8_10_0734.jpg,Else,6.0
1.8_10_0735.jpg,Don’t Know,5.0,1.8_10_0735.jpg,Elliptical galaxy,0.0
1.8_10_0736.jpg,Don’t Know,5.0,1.8_10_0736.jpg,Elliptical galaxy,0.0
1.8_10_0737.jpg,Star,1.0,1.8_10_0737.jpg,Elliptical galaxy,0.0
1.8_10_0738.jpg,Star,1.0,1.8_10_0738.jpg,Elliptical galaxy,0.0
1.8_10_0739.jpg,Elliptical galaxy,0.0,1.8_10_0739.jpg,Elliptical galaxy,0.0
1.8_10_0740.jpg,Elliptical galaxy,0.0,1.8_10_0740.jpg,Elliptical galaxy,0.0
1.8_10_0741.jpg,Elliptical galaxy,0.0,1.8_10_0741.jpg,Elliptical galaxy,0.0
1.8_10_0742.jpg,Don’t Know,5.0,1.8_10_0742.jpg,Else,6.0
1.8_10_0743.jpg,Don’t Know,5.0,1.8_10_0743.jpg,Else,6.0
1.8_10_0744.jpg,Don’t Know,5.0,1.8_10_0744.jpg,Don’t Know,5.0
1.8_10_0745.jpg,Elliptical galaxy,0.0,1.8_10_0745.jpg,Elliptical galaxy,0.0
1.8_10_0746.jpg,Clockwise-Z-wise spiral galaxy,2.0,1.8_10_0746.jpg,Clockwise-Z-wise spiral galaxy,2.0
1.8_10_0747.jpg,Star,1.0,1.8_10_0747.jpg,Clockwise-Z-wise spiral galaxy,2.0
1.8_10_0748.jpg,Elliptical galaxy,0.0,1.8_10_0748.jpg,Elliptical galaxy,0.0
1.8_10_0749.jpg,Elliptical galaxy,0.0,1.8_10_0749.jpg,Elliptical galaxy,0.0
1.8_10_0750.jpg,Elliptical galaxy,0.0,1.8_10_0750.jpg,Elliptical galaxy,0.0
1.8_10_0751.jpg,Clockwise-Z-wise spiral galaxy,2.0,1.8_10_0751.jpg,Elliptical galaxy,0.0
1.8_10_0752.jpg,Star,1.0,1.8_10_0752.jpg,Elliptical galaxy,0.0
1.8_10_0753.jpg,Elliptical galaxy,0.0,1.8_10_0753.jpg,Elliptical galaxy,0.0
1.8_10_0754.jpg,Don’t Know,5.0,1.8_10_0754.jpg,Don’t Know,5.0
1.8_10_0755.jpg,Don’t Know,5.0,1.8_10_0755.jpg,Else,6.0
1.8_10_0756.jpg,Elliptical galaxy,0.0,1.8_10_0756.jpg,Elliptical galaxy,0.0
1.8_10_0757.jpg,Don’t Know,5.0,1.8_10_0757.jpg,Don’t Know,5.0
1.8_10_0758.jpg,Don’t Know,5.0,1.8_10_0758.jpg,Don’t Know,5.0
1.8_10_0759.jpg,Don’t Know,5.0,1.8_10_0759.jpg,Elliptical galaxy,0.0
1.8_10_0760.jpg,Don’t Know,5.0,1.8_10_0760.jpg,Else,6.0
1.8_10_0761.jpg,Elliptical galaxy,0.0,1.8_10_0761.jpg,Elliptical galaxy,0.0
1.8_10_0762.jpg,Anti-clockwise-S-wise spiral galaxy,4.0,1.8_10_0762.jpg,Elliptical galaxy,0.0
1.8_10_0763.jpg,Don’t Know,5.0,1.8_10_0763.jpg,Else,6.0
1.8_10_0764.jpg,Star,1.0,1.8_10_0764.jpg,Elliptical galaxy,0.0
1.8_10_0765.jpg,Don’t Know,5.0,1.8_10_0765.jpg,Else,6.0
1.8_10_0766.jpg,Clockwise-Z-wise spiral galaxy,2.0,1.8_10_0766.jpg,Clockwise-Z-wise spiral galaxy,2.0
1.8_10_0767.jpg,Elliptical galaxy,0.0,1.8_10_0767.jpg,Elliptical galaxy,0.0
1.8_10_0768.jpg,Don’t Know,5.0,1.8_10_0768.jpg,Don’t Know,5.0
1.8_10_0769.jpg,Don’t Know,5.0,1.8_10_0769.jpg,Else,6.0
1.8_10_0770.jpg,Clockwise-Z-wise spiral galaxy,2.0,1.8_10_0770.jpg,Anti-clockwise-S-wise spiral galaxy,4.0
1.8_10_0771.jpg,Elliptical galaxy,0.0,1.8_10_0771.jpg,Elliptical galaxy,0.0
1.8_10_0772.jpg,Elliptical galaxy,0.0,1.8_10_0772.jpg,Elliptical galaxy,0.0
1.8_10_0773.jpg,Elliptical galaxy,0.0,1.8_10_0773.jpg,Elliptical galaxy,0.0
1.8_10_0774.jpg,Don’t Know,5.0,1.8_10_0774.jpg,Elliptical galaxy,0.0
1.8_10_0775.jpg,Don’t Know,5.0,1.8_10_0775.jpg,Don’t Know,5.0
1.8_10_0776.jpg,Elliptical galaxy,0.0,1.8_10_0776.jpg,Elliptical galaxy,0.0
1.8_10_0777.jpg,Elliptical galaxy,0.0,1.8_10_0777.jpg,Elliptical galaxy,0.0
1.8_10_0778.jpg,Anti-clockwise-S-wise spiral galaxy,4.0,1.8_10_0778.jpg,Elliptical galaxy,0.0
1.8_10_0779.jpg,Don’t Know,5.0,1.8_10_0779.jpg,Else,6.0
1.8_10_0780.jpg,Don’t Know,5.0,1.8_10_0780.jpg,Else,6.0
1.8_10_0781.jpg,Star,1.0,1.8_10_0781.jpg,Else,6.0
1.8_10_0782.jpg,Star,1.0,1.8_10_0782.jpg,Else,6.0
1.8_10_0783.jpg,Merger,3.0,1.8_10_0783.jpg,Merger,3.0
1.8_10_0784.jpg,Don’t Know,5.0,1.8_10_0784.jpg,Else,6.0
1.8_10_0785.jpg,Don’t Know,5.0,1.8_10_0785.jpg,Else,6.0
1.8_10_0786.jpg,Don’t Know,5.0,1.8_10_0786.jpg,Else,6.0
1.8_10_0787.jpg,Clockwise-Z-wise spiral galaxy,2.0,1.8_10_0787.jpg,Elliptical galaxy,0.0
1.8_10_0788.jpg,Star,1.0,1.8_10_0788.jpg,Elliptical galaxy,0.0
1.8_10_0789.jpg,Don’t Know,5.0,1.8_10_0789.jpg,Merger,3.0
1.8_10_0790.jpg,Star,1.0,1.8_10_0790.jpg,Else,6.0
1.8_10_0791.jpg,Anti-clockwise-S-wise spiral galaxy,4.0,1.8_10_0791.jpg,Elliptical galaxy,0.0
1.8_10_0792.jpg,Elliptical galaxy,0.0,1.8_10_0792.jpg,Elliptical galaxy,0.0
1.8_10_0793.jpg,Don’t Know,5.0,1.8_10_0793.jpg,Else,6.0
1.8_10_0794.jpg,Elliptical galaxy,0.0,1.8_10_0794.jpg,Elliptical galaxy,0.0
1.8_10_0795.jpg,Don’t Know,5.0,1.8_10_0795.jpg,Elliptical galaxy,0.0
1.8_10_0796.jpg,Elliptical galaxy,0.0,1.8_10_0796.jpg,Elliptical galaxy,0.0
1.8_10_0797.jpg,Elliptical galaxy,0.0,1.8_10_0797.jpg,Elliptical galaxy,0.0
1.8_10_0798.jpg,Elliptical galaxy,0.0,1.8_10_0798.jpg,Elliptical galaxy,0.0
1.8_10_0799.jpg,Star,1.0,1.8_10_0799.jpg,Else,6.0
1.8_10_0800.jpg,Elliptical galaxy,0.0,1.8_10_0800.jpg,Elliptical galaxy,0.0
1.8_10_0801.jpg,Don’t Know,5.0,1.8_10_0801.jpg,Elliptical galaxy,0.0
1.8_10_0802.jpg,Elliptical galaxy,0.0,1.8_10_0802.jpg,Elliptical galaxy,0.0
1.8_10_0803.jpg,Don’t Know,5.0,1.8_10_0803.jpg,Don’t Know,5.0
1.8_10_0804.jpg,Star,1.0,1.8_10_0804.jpg,Don’t Know,5.0
1.8_10_0805.jpg,Don’t Know,5.0,1.8_10_0805.jpg,Don’t Know,5.0
1.8_10_0806.jpg,Elliptical galaxy,0.0,1.8_10_0806.jpg,Elliptical galaxy,0.0
1.8_10_0807.jpg,Star,1.0,1.8_10_0807.jpg,Else,6.0
1.8_10_0808.jpg,Star,1.0,1.8_10_0808.jpg,Else,6.0
1.8_10_0809.jpg,Don’t Know,5.0,1.8_10_0809.jpg,Else,6.0
1.8_10_0810.jpg,Don’t Know,5.0,1.8_10_0810.jpg,Else,6.0
1.8_10_0811.jpg,Don’t Know,5.0,1.8_10_0811.jpg,Else,6.0
1.8_10_0812.jpg,Anti-clockwise-S-wise spiral galaxy,4.0,1.8_10_0812.jpg,Else,6.0
1.8_10_0813.jpg,Elliptical galaxy,0.0,1.8_10_0813.jpg,Elliptical galaxy,0.0
1.8_10_0814.jpg,Elliptical galaxy,0.0,1.8_10_0814.jpg,Elliptical galaxy,0.0
1.8_10_0815.jpg,Elliptical galaxy,0.0,1.8_10_0815.jpg,Elliptical galaxy,0.0
1.8_10_0816.jpg,Anti-clockwise-S-wise spiral galaxy,4.0,1.8_10_0816.jpg,Elliptical galaxy,0.0
1.8_10_0817.jpg,Don’t Know,5.0,1.8_10_0817.jpg,Elliptical galaxy,0.0
1.8_10_0818.jpg,Anti-clockwise-S-wise spiral galaxy,4.0,1.8_10_0818.jpg,Elliptical galaxy,0.0
1.8_10_0819.jpg,Star,1.0,1.8_10_0819.jpg,Else,6.0
1.8_10_0820.jpg,Elliptical galaxy,0.0,1.8_10_0820.jpg,Elliptical galaxy,0.0
1.8_10_0821.jpg,Star,1.0,1.8_10_0821.jpg,Else,6.0
1.8_10_0822.jpg,Don’t Know,5.0,1.8_10_0822.jpg,Else,6.0
1.8_10_0823.jpg,Elliptical galaxy,0.0,1.8_10_0823.jpg,Else,6.0
1.8_10_0824.jpg,Star,1.0,1.8_10_0824.jpg,Star,1.0
1.8_10_0825.jpg,Elliptical galaxy,0.0,1.8_10_0825.jpg,Elliptical galaxy,0.0
1.8_10_0826.jpg,Elliptical galaxy,0.0,1.8_10_0826.jpg,Elliptical galaxy,0.0
1.8_10_0827.jpg,Don’t Know,5.0,1.8_10_0827.jpg,Don’t Know,5.0
1.8_10_0828.jpg,Don’t Know,5.0,1.8_10_0828.jpg,Else,6.0
1.8_10_0829.jpg,Star,1.0,1.8_10_0829.jpg,Else,6.0
1.8_10_0830.jpg,Don’t Know,5.0,1.8_10_0830.jpg,Elliptical galaxy,0.0
1.8_10_0831.jpg,Star,1.0,1.8_10_0831.jpg,Else,6.0
1.8_10_0832.jpg,Don’t Know,5.0,1.8_10_0832.jpg,Else,6.0
1.8_10_0833.jpg,Clockwise-Z-wise spiral galaxy,2.0,1.8_10_0833.jpg,Elliptical galaxy,0.0
1.8_10_0834.jpg,Don’t Know,5.0,1.8_10_0834.jpg,Else,6.0
1.8_10_0835.jpg,Don’t Know,5.0,1.8_10_0835.jpg,Else,6.0
1.8_10_0836.jpg,Don’t Know,5.0,1.8_10_0836.jpg,Else,6.0
1.8_10_0837.jpg,Elliptical galaxy,0.0,1.8_10_0837.jpg,Elliptical galaxy,0.0
1.8_10_0838.jpg,Elliptical galaxy,0.0,1.8_10_0838.jpg,Elliptical galaxy,0.0
1.8_10_0839.jpg,Don’t Know,5.0,1.8_10_0839.jpg,Elliptical galaxy,0.0
1.8_10_0840.jpg,Don’t Know,5.0,1.8_10_0840.jpg,Elliptical galaxy,0.0
1.8_10_0841.jpg,Don’t Know,5.0,1.8_10_0841.jpg,Elliptical galaxy,0.0
1.8_10_0842.jpg,Don’t Know,5.0,1.8_10_0842.jpg,Elliptical galaxy,0.0
1.8_10_0843.jpg,Elliptical galaxy,0.0,1.8_10_0843.jpg,Elliptical galaxy,0.0
1.8_10_0844.jpg,Elliptical galaxy,0.0,1.8_10_0844.jpg,Elliptical galaxy,0.0
1.8_10_0845.jpg,Elliptical galaxy,0.0,1.8_10_0845.jpg,Elliptical galaxy,0.0
1.8_10_0846.jpg,Don’t Know,5.0,1.8_10_0846.jpg,Else,6.0
1.8_10_0847.jpg,Don’t Know,5.0,1.8_10_0847.jpg,Don’t Know,5.0
1.8_10_0848.jpg,Elliptical galaxy,0.0,1.8_10_0848.jpg,Elliptical galaxy,0.0
1.8_10_0849.jpg,Elliptical galaxy,0.0,1.8_10_0849.jpg,Elliptical galaxy,0.0
1.8_10_0850.jpg,Don’t Know,5.0,1.8_10_0850.jpg,Elliptical galaxy,0.0
1.8_10_0851.jpg,Anti-clockwise-S-wise spiral galaxy,4.0,1.8_10_0851.jpg,Elliptical galaxy,0.0
1.8_10_0852.jpg,Elliptical galaxy,0.0,1.8_10_0852.jpg,Elliptical galaxy,0.0
1.8_10_0853.jpg,Star,1.0,1.8_10_0853.jpg,Merger,3.0
1.8_10_0854.jpg,Clockwise-Z-wise spiral galaxy,2.0,1.8_10_0854.jpg,Elliptical galaxy,0.0
1.8_10_0855.jpg,Elliptical galaxy,0.0,1.8_10_0855.jpg,Elliptical galaxy,0.0
1.8_10_0856.jpg,Don’t Know,5.0,1.8_10_0856.jpg,Don’t Know,5.0
1.8_10_0857.jpg,Clockwise-Z-wise spiral galaxy,2.0,1.8_10_0857.jpg,Elliptical galaxy,0.0
1.8_10_0858.jpg,Don’t Know,5.0,1.8_10_0858.jpg,Don’t Know,5.0
1.8_10_0859.jpg,Elliptical galaxy,0.0,1.8_10_0859.jpg,Elliptical galaxy,0.0
1.8_10_0860.jpg,Don’t Know,5.0,1.8_10_0860.jpg,Don’t Know,5.0
1.8_10_0861.jpg,Elliptical galaxy,0.0,1.8_10_0861.jpg,Elliptical galaxy,0.0
1.8_10_0862.jpg,Don’t Know,5.0,1.8_10_0862.jpg,Don’t Know,5.0
1.8_10_0863.jpg,Don’t Know,5.0,1.8_10_0863.jpg,Don’t Know,5.0
1.8_10_0864.jpg,Don’t Know,5.0,1.8_10_0864.jpg,Don’t Know,5.0
1.8_10_0865.jpg,Don’t Know,5.0,1.8_10_0865.jpg,Don’t Know,5.0
1.8_10_0866.jpg,Don’t Know,5.0,1.8_10_0866.jpg,Don’t Know,5.0
1.8_10_0867.jpg,Don’t Know,5.0,1.8_10_0867.jpg,Don’t Know,5.0
1.8_10_0868.jpg,Star,1.0,1.8_10_0868.jpg,Else,6.0
1.8_10_0869.jpg,Clockwise-Z-wise spiral galaxy,2.0,1.8_10_0869.jpg,Anti-clockwise-S-wise spiral galaxy,4.0
1.8_10_0870.jpg,Elliptical galaxy,0.0,1.8_10_0870.jpg,Elliptical galaxy,0.0
1.8_10_0871.jpg,Don’t Know,5.0,1.8_10_0871.jpg,Don’t Know,5.0
1.8_10_0872.jpg,Elliptical galaxy,0.0,1.8_10_0872.jpg,Else,6.0
1.8_10_0873.jpg,Don’t Know,5.0,1.8_10_0873.jpg,Else,6.0
1.8_10_0874.jpg,Elliptical galaxy,0.0,1.8_10_0874.jpg,Elliptical galaxy,0.0
1.8_10_0875.jpg,Don’t Know,5.0,1.8_10_0875.jpg,Else,6.0
1.8_10_0876.jpg,Elliptical galaxy,0.0,1.8_10_0876.jpg,Elliptical galaxy,0.0
1.8_10_0877.jpg,Don’t Know,5.0,1.8_10_0877.jpg,Elliptical galaxy,0.0
1.8_10_0878.jpg,Don’t Know,5.0,1.8_10_0878.jpg,Elliptical galaxy,0.0
1.8_10_0879.jpg,Elliptical galaxy,0.0,1.8_10_0879.jpg,Elliptical galaxy,0.0
1.8_10_0880.jpg,Don’t Know,5.0,1.8_10_0880.jpg,Elliptical galaxy,0.0
1.8_10_0881.jpg,Don’t Know,5.0,1.8_10_0881.jpg,Else,6.0
1.8_10_0882.jpg,Merger,3.0,1.8_10_0882.jpg,Merger,3.0
1.8_10_0883.jpg,Star,1.0,1.8_10_0883.jpg,Else,6.0
1.8_10_0884.jpg,Star,1.0,1.8_10_0884.jpg,Else,6.0
1.8_10_0885.jpg,Don’t Know,5.0,1.8_10_0885.jpg,Else,6.0
1.8_10_0886.jpg,Don’t Know,5.0,1.8_10_0886.jpg,Don’t Know,5.0
1.8_10_0887.jpg,Anti-clockwise-S-wise spiral galaxy,4.0,1.8_10_0887.jpg,Elliptical galaxy,0.0
1.8_10_0888.jpg,Star,1.0,1.8_10_0888.jpg,Elliptical galaxy,0.0
1.8_10_0889.jpg,Anti-clockwise-S-wise spiral galaxy,4.0,1.8_10_0889.jpg,Elliptical galaxy,0.0
1.8_10_0890.jpg,Elliptical galaxy,0.0,1.8_10_0890.jpg,Elliptical galaxy,0.0
1.8_10_0891.jpg,Don’t Know,5.0,1.8_10_0891.jpg,Elliptical galaxy,0.0
1.8_10_0892.jpg,Elliptical galaxy,0.0,1.8_10_0892.jpg,Elliptical galaxy,0.0
1.8_10_0893.jpg,Elliptical galaxy,0.0,1.8_10_0893.jpg,Elliptical galaxy,0.0
1.8_10_0894.jpg,Star,1.0,1.8_10_0894.jpg,Elliptical galaxy,0.0
1.8_10_0895.jpg,Elliptical galaxy,0.0,1.8_10_0895.jpg,Elliptical galaxy,0.0
1.8_10_0896.jpg,Elliptical galaxy,0.0,1.8_10_0896.jpg,Elliptical galaxy,0.0
1.8_10_0897.jpg,Don’t Know,5.0,1.8_10_0897.jpg,Don’t Know,5.0
1.8_10_0898.jpg,Elliptical galaxy,0.0,1.8_10_0898.jpg,Don’t Know,5.0
1.8_10_0899.jpg,Don’t Know,5.0,1.8_10_0899.jpg,Don’t Know,5.0
1.8_10_0900.jpg,Star,1.0,1.8_10_0900.jpg,Star,1.0
1.8_10_0901.jpg,Don’t Know,5.0,1.8_10_0901.jpg,Else,6.0
1.8_10_0902.jpg,Don’t Know,5.0,1.8_10_0902.jpg,Else,6.0
1.8_10_0903.jpg,Elliptical galaxy,0.0,1.8_10_0903.jpg,Elliptical galaxy,0.0
1.8_10_0904.jpg,Don’t Know,5.0,1.8_10_0904.jpg,Elliptical galaxy,0.0
1.8_10_0905.jpg,Clockwise-Z-wise spiral galaxy,2.0,1.8_10_0905.jpg,Elliptical galaxy,0.0
1.8_10_0906.jpg,Don’t Know,5.0,1.8_10_0906.jpg,Elliptical galaxy,0.0
1.8_10_0907.jpg,Don’t Know,5.0,1.8_10_0907.jpg,Else,6.0
1.8_10_0908.jpg,Don’t Know,5.0,1.8_10_0908.jpg,Else,6.0
1.8_10_0909.jpg,Star,1.0,1.8_10_0909.jpg,Else,6.0
1.8_10_0910.jpg,Don’t Know,5.0,1.8_10_0910.jpg,Else,6.0
1.8_10_0911.jpg,Don’t Know,5.0,1.8_10_0911.jpg,Else,6.0
1.8_10_0912.jpg,Don’t Know,5.0,1.8_10_0912.jpg,Else,6.0
1.8_10_0913.jpg,Don’t Know,5.0,1.8_10_0913.jpg,Else,6.0
1.8_10_0914.jpg,Anti-clockwise-S-wise spiral galaxy,4.0,1.8_10_0914.jpg,Anti-clockwise-S-wise spiral galaxy,4.0
1.8_10_0915.jpg,Don’t Know,5.0,1.8_10_0915.jpg,Star,1.0
1.8_10_0916.jpg,Don’t Know,5.0,1.8_10_0916.jpg,Elliptical galaxy,0.0
1.8_10_0917.jpg,Star,1.0,1.8_10_0917.jpg,Elliptical galaxy,0.0
1.8_10_0918.jpg,Elliptical galaxy,0.0,1.8_10_0918.jpg,Elliptical galaxy,0.0
1.8_10_0919.jpg,Don’t Know,5.0,1.8_10_0919.jpg,Else,6.0
1.8_10_0920.jpg,Star,1.0,1.8_10_0920.jpg,Else,6.0
1.8_10_0921.jpg,Elliptical galaxy,0.0,1.8_10_0921.jpg,Else,6.0
1.8_10_0922.jpg,Anti-clockwise-S-wise spiral galaxy,4.0,1.8_10_0922.jpg,Elliptical galaxy,0.0
1.8_10_0923.jpg,Merger,3.0,1.8_10_0923.jpg,Elliptical galaxy,0.0
1.8_10_0924.jpg,Elliptical galaxy,0.0,1.8_10_0924.jpg,Elliptical galaxy,0.0
1.8_10_0925.jpg,Star,1.0,1.8_10_0925.jpg,Elliptical galaxy,0.0
1.8_10_0926.jpg,Clockwise-Z-wise spiral galaxy,2.0,1.8_10_0926.jpg,Elliptical galaxy,0.0
1.8_10_0927.jpg,Anti-clockwise-S-wise spiral galaxy,4.0,1.8_10_0927.jpg,Elliptical galaxy,0.0
1.8_10_0928.jpg,Star,1.0,1.8_10_0928.jpg,Star,1.0
1.8_10_0929.jpg,Don’t Know,5.0,1.8_10_0929.jpg,Elliptical galaxy,0.0
1.8_10_0930.jpg,Don’t Know,5.0,1.8_10_0930.jpg,Elliptical galaxy,0.0
1.8_10_0931.jpg,Clockwise-Z-wise spiral galaxy,2.0,1.8_10_0931.jpg,Elliptical galaxy,0.0
1.8_10_0932.jpg,Don’t Know,5.0,1.8_10_0932.jpg,Elliptical galaxy,0.0
1.8_10_0933.jpg,Don’t Know,5.0,1.8_10_0933.jpg,Elliptical galaxy,0.0
1.8_10_0934.jpg,Elliptical galaxy,0.0,1.8_10_0934.jpg,Elliptical galaxy,0.0
1.8_10_0935.jpg,Elliptical galaxy,0.0,1.8_10_0935.jpg,Elliptical galaxy,0.0
1.8_10_0936.jpg,Elliptical galaxy,0.0,1.8_10_0936.jpg,Elliptical galaxy,0.0
1.8_10_0937.jpg,Anti-clockwise-S-wise spiral galaxy,4.0,1.8_10_0937.jpg,Anti-clockwise-S-wise spiral galaxy,4.0
1.8_10_0938.jpg,Elliptical galaxy,0.0,1.8_10_0938.jpg,Elliptical galaxy,0.0
1.8_10_0939.jpg,Elliptical galaxy,0.0,1.8_10_0939.jpg,Elliptical galaxy,0.0
1.8_10_0940.jpg,Don’t Know,5.0,1.8_10_0940.jpg,Elliptical galaxy,0.0
1.8_10_0941.jpg,Don’t Know,5.0,1.8_10_0941.jpg,Else,6.0
1.8_10_0942.jpg,Elliptical galaxy,0.0,1.8_10_0942.jpg,Else,6.0
1.8_10_0943.jpg,Elliptical galaxy,0.0,1.8_10_0943.jpg,Else,6.0
1.8_10_0944.jpg,Anti-clockwise-S-wise spiral galaxy,4.0,1.8_10_0944.jpg,Else,6.0
1.8_10_0945.jpg,Don’t Know,5.0,1.8_10_0945.jpg,Elliptical galaxy,0.0
1.8_10_0946.jpg,Star,1.0,1.8_10_0946.jpg,Star,1.0
1.8_10_0947.jpg,Elliptical galaxy,0.0,1.8_10_0947.jpg,Else,6.0
1.8_10_0948.jpg,Star,1.0,1.8_10_0948.jpg,Elliptical galaxy,0.0
1.8_10_0949.jpg,Don’t Know,5.0,1.8_10_0949.jpg,Elliptical galaxy,0.0
1.8_10_0950.jpg,Don’t Know,5.0,1.8_10_0950.jpg,Else,6.0
1.8_10_0951.jpg,Don’t Know,5.0,1.8_10_0951.jpg,Else,6.0
1.8_10_0952.jpg,Don’t Know,5.0,1.8_10_0952.jpg,Don’t Know,5.0
1.8_10_0953.jpg,Star,1.0,1.8_10_0953.jpg,Star,1.0
1.8_10_0954.jpg,Elliptical galaxy,0.0,1.8_10_0954.jpg,Elliptical galaxy,0.0
1.8_10_0955.jpg,Elliptical galaxy,0.0,1.8_10_0955.jpg,Elliptical galaxy,0.0
1.8_10_0956.jpg,Star,1.0,1.8_10_0956.jpg,Else,6.0
1.8_10_0957.jpg,Elliptical galaxy,0.0,1.8_10_0957.jpg,Elliptical galaxy,0.0
1.8_10_0958.jpg,Elliptical galaxy,0.0,1.8_10_0958.jpg,Elliptical galaxy,0.0
1.8_10_0959.jpg,Elliptical galaxy,0.0,1.8_10_0959.jpg,Elliptical galaxy,0.0
1.8_10_0960.jpg,Star,1.0,1.8_10_0960.jpg,Star,1.0
1.8_10_0961.jpg,Star,1.0,1.8_10_0961.jpg,Star,1.0
1.8_10_0962.jpg,Don’t Know,5.0,1.8_10_0962.jpg,Else,6.0
1.8_10_0963.jpg,Clockwise-Z-wise spiral galaxy,2.0,1.8_10_0963.jpg,Elliptical galaxy,0.0
1.8_10_0964.jpg,Star,1.0,1.8_10_0964.jpg,Else,6.0
1.8_10_0965.jpg,Clockwise-Z-wise spiral galaxy,2.0,1.8_10_0965.jpg,Clockwise-Z-wise spiral galaxy,2.0
1.8_10_0966.jpg,Don’t Know,5.0,1.8_10_0966.jpg,Don’t Know,5.0
1.8_10_0967.jpg,Elliptical galaxy,0.0,1.8_10_0967.jpg,Elliptical galaxy,0.0
1.8_10_0968.jpg,Star,1.0,1.8_10_0968.jpg,Merger,3.0
1.8_10_0969.jpg,Don’t Know,5.0,1.8_10_0969.jpg,Else,6.0
1.8_10_0970.jpg,Clockwise-Z-wise spiral galaxy,2.0,1.8_10_0970.jpg,Elliptical galaxy,0.0
1.8_10_0971.jpg,Elliptical galaxy,0.0,1.8_10_0971.jpg,Else,6.0
1.8_10_0972.jpg,Elliptical galaxy,0.0,1.8_10_0972.jpg,Elliptical galaxy,0.0
1.8_10_0973.jpg,Star,1.0,1.8_10_0973.jpg,Star,1.0
1.8_10_0974.jpg,Don’t Know,5.0,1.8_10_0974.jpg,Else,6.0
1.8_10_0975.jpg,Elliptical galaxy,0.0,1.8_10_0975.jpg,Elliptical galaxy,0.0
1.8_10_0976.jpg,Don’t Know,5.0,1.8_10_0976.jpg,Elliptical galaxy,0.0
1.8_10_0977.jpg,Elliptical galaxy,0.0,1.8_10_0977.jpg,Elliptical galaxy,0.0
1.8_10_0978.jpg,Don’t Know,5.0,1.8_10_0978.jpg,Elliptical galaxy,0.0
1.8_10_0979.jpg,Don’t Know,5.0,1.8_10_0979.jpg,Elliptical galaxy,0.0
1.8_10_0980.jpg,Don’t Know,5.0,1.8_10_0980.jpg,Elliptical galaxy,0.0
1.8_10_0981.jpg,Elliptical galaxy,0.0,1.8_10_0981.jpg,Elliptical galaxy,0.0
1.8_10_0982.jpg,Elliptical galaxy,0.0,1.8_10_0982.jpg,Elliptical galaxy,0.0
1.8_10_0983.jpg,Elliptical galaxy,0.0,1.8_10_0983.jpg,Elliptical galaxy,0.0
1.8_10_0984.jpg,Elliptical galaxy,0.0,1.8_10_0984.jpg,Elliptical galaxy,0.0
1.8_10_0985.jpg,Don’t Know,5.0,1.8_10_0985.jpg,Else,6.0
1.8_10_0986.jpg,Elliptical galaxy,0.0,1.8_10_0986.jpg,Elliptical galaxy,0.0
1.8_10_0987.jpg,Don’t Know,5.0,1.8_10_0987.jpg,Else,6.0
1.8_10_0988.jpg,Anti-clockwise-S-wise spiral galaxy,4.0,1.8_10_0988.jpg,Else,6.0
1.8_10_0989.jpg,Elliptical galaxy,0.0,1.8_10_0989.jpg,Elliptical galaxy,0.0
1.8_10_0990.jpg,Don’t Know,5.0,1.8_10_0990.jpg,Don’t Know,5.0
1.8_10_0991.jpg,Clockwise-Z-wise spiral galaxy,2.0,1.8_10_0991.jpg,Clockwise-Z-wise spiral galaxy,2.0
1.8_10_0992.jpg,Elliptical galaxy,0.0,1.8_10_0992.jpg,Elliptical galaxy,0.0
1.8_10_0993.jpg,Don’t Know,5.0,1.8_10_0993.jpg,Elliptical galaxy,0.0
1.8_10_0994.jpg,Elliptical galaxy,0.0,1.8_10_0994.jpg,Elliptical galaxy,0.0
1.8_10_0995.jpg,Elliptical galaxy,0.0,1.8_10_0995.jpg,Elliptical galaxy,0.0
1.8_10_0996.jpg,Elliptical galaxy,0.0,1.8_10_0996.jpg,Elliptical galaxy,0.0
1.8_10_0997.jpg,Anti-clockwise-S-wise spiral galaxy,4.0,1.8_10_0997.jpg,Elliptical galaxy,0.0
1.8_10_0998.jpg,Elliptical galaxy,0.0,1.8_10_0998.jpg,Elliptical galaxy,0.0
1.8_10_0999.jpg,Star,1.0,1.8_10_0999.jpg,Elliptical galaxy,0.0
