RD41802,RDlabel,RD_Num,UA2018006959,UAlabel,UA_Num
1.8_5_0500.jpg,Elliptical galaxy,0.0,1.8_5_0500.jpg,Don’t Know,5.0
1.8_5_0501.jpg,Elliptical galaxy,0.0,1.8_5_0501.jpg,Elliptical galaxy,0.0
1.8_5_0502.jpg,Elliptical galaxy,0.0,1.8_5_0502.jpg,Elliptical galaxy,0.0
1.8_5_0503.jpg,Elliptical galaxy,0.0,1.8_5_0503.jpg,Elliptical galaxy,0.0
1.8_5_0504.jpg,Don’t Know,5.0,1.8_5_0504.jpg,Else,6.0
1.8_5_0505.jpg,Elliptical galaxy,0.0,1.8_5_0505.jpg,Clockwise-Z-wise spiral galaxy,2.0
1.8_5_0506.jpg,Don’t Know,5.0,1.8_5_0506.jpg,Don’t Know,5.0
1.8_5_0507.jpg,Don’t Know,5.0,1.8_5_0507.jpg,Anti-clockwise-S-wise spiral galaxy,4.0
1.8_5_0508.jpg,Elliptical galaxy,0.0,1.8_5_0508.jpg,Elliptical galaxy,0.0
1.8_5_0509.jpg,Anti-clockwise-S-wise spiral galaxy,4.0,1.8_5_0509.jpg,Elliptical galaxy,0.0
1.8_5_0510.jpg,Clockwise-Z-wise spiral galaxy,2.0,1.8_5_0510.jpg,Clockwise-Z-wise spiral galaxy,2.0
1.8_5_0511.jpg,Star,1.0,1.8_5_0511.jpg,Elliptical galaxy,0.0
1.8_5_0512.jpg,Don’t Know,5.0,1.8_5_0512.jpg,Anti-clockwise-S-wise spiral galaxy,4.0
1.8_5_0513.jpg,Star,1.0,1.8_5_0513.jpg,Elliptical galaxy,0.0
1.8_5_0514.jpg,Don’t Know,5.0,1.8_5_0514.jpg,Don’t Know,5.0
1.8_5_0515.jpg,Anti-clockwise-S-wise spiral galaxy,4.0,1.8_5_0515.jpg,Anti-clockwise-S-wise spiral galaxy,4.0
1.8_5_0516.jpg,Elliptical galaxy,0.0,1.8_5_0516.jpg,Elliptical galaxy,0.0
1.8_5_0517.jpg,Don’t Know,5.0,1.8_5_0517.jpg,Don’t Know,5.0
1.8_5_0518.jpg,Else,6.0,1.8_5_0518.jpg,Elliptical galaxy,0.0
1.8_5_0519.jpg,Don’t Know,5.0,1.8_5_0519.jpg,Elliptical galaxy,0.0
1.8_5_0520.jpg,Elliptical galaxy,0.0,1.8_5_0520.jpg,Anti-clockwise-S-wise spiral galaxy,4.0
1.8_5_0521.jpg,Elliptical galaxy,0.0,1.8_5_0521.jpg,Anti-clockwise-S-wise spiral galaxy,4.0
1.8_5_0522.jpg,Elliptical galaxy,0.0,1.8_5_0522.jpg,Elliptical galaxy,0.0
1.8_5_0523.jpg,Clockwise-Z-wise spiral galaxy,2.0,1.8_5_0523.jpg,Anti-clockwise-S-wise spiral galaxy,4.0
1.8_5_0524.jpg,Star,1.0,1.8_5_0524.jpg,Elliptical galaxy,0.0
1.8_5_0525.jpg,Don’t Know,5.0,1.8_5_0525.jpg,Don’t Know,5.0
1.8_5_0526.jpg,Elliptical galaxy,0.0,1.8_5_0526.jpg,Elliptical galaxy,0.0
1.8_5_0527.jpg,Clockwise-Z-wise spiral galaxy,2.0,1.8_5_0527.jpg,Anti-clockwise-S-wise spiral galaxy,4.0
1.8_5_0528.jpg,Elliptical galaxy,0.0,1.8_5_0528.jpg,Merger,3.0
1.8_5_0529.jpg,Elliptical galaxy,0.0,1.8_5_0529.jpg,Don’t Know,5.0
1.8_5_0530.jpg,Elliptical galaxy,0.0,1.8_5_0530.jpg,Anti-clockwise-S-wise spiral galaxy,4.0
1.8_5_0531.jpg,Elliptical galaxy,0.0,1.8_5_0531.jpg,Elliptical galaxy,0.0
1.8_5_0532.jpg,Elliptical galaxy,0.0,1.8_5_0532.jpg,Elliptical galaxy,0.0
1.8_5_0533.jpg,Elliptical galaxy,0.0,1.8_5_0533.jpg,Elliptical galaxy,0.0
1.8_5_0534.jpg,Don’t Know,5.0,1.8_5_0534.jpg,Else,6.0
1.8_5_0535.jpg,Star,1.0,1.8_5_0535.jpg,Elliptical galaxy,0.0
1.8_5_0536.jpg,Elliptical galaxy,0.0,1.8_5_0536.jpg,Anti-clockwise-S-wise spiral galaxy,4.0
1.8_5_0537.jpg,Elliptical galaxy,0.0,1.8_5_0537.jpg,Elliptical galaxy,0.0
1.8_5_0538.jpg,Elliptical galaxy,0.0,1.8_5_0538.jpg,Merger,3.0
1.8_5_0539.jpg,Elliptical galaxy,0.0,1.8_5_0539.jpg,Anti-clockwise-S-wise spiral galaxy,4.0
1.8_5_0540.jpg,Don’t Know,5.0,1.8_5_0540.jpg,Don’t Know,5.0
1.8_5_0541.jpg,Clockwise-Z-wise spiral galaxy,2.0,1.8_5_0541.jpg,Anti-clockwise-S-wise spiral galaxy,4.0
1.8_5_0542.jpg,Merger,3.0,1.8_5_0542.jpg,Merger,3.0
1.8_5_0543.jpg,Elliptical galaxy,0.0,1.8_5_0543.jpg,Elliptical galaxy,0.0
1.8_5_0544.jpg,Don’t Know,5.0,1.8_5_0544.jpg,Elliptical galaxy,0.0
1.8_5_0545.jpg,Elliptical galaxy,0.0,1.8_5_0545.jpg,Elliptical galaxy,0.0
1.8_5_0546.jpg,Elliptical galaxy,0.0,1.8_5_0546.jpg,Anti-clockwise-S-wise spiral galaxy,4.0
1.8_5_0547.jpg,Elliptical galaxy,0.0,1.8_5_0547.jpg,Anti-clockwise-S-wise spiral galaxy,4.0
1.8_5_0548.jpg,Don’t Know,5.0,1.8_5_0548.jpg,Elliptical galaxy,0.0
1.8_5_0549.jpg,Elliptical galaxy,0.0,1.8_5_0549.jpg,Elliptical galaxy,0.0
1.8_5_0550.jpg,Star,1.0,1.8_5_0550.jpg,Star,1.0
1.8_5_0551.jpg,Don’t Know,5.0,1.8_5_0551.jpg,Don’t Know,5.0
1.8_5_0552.jpg,Elliptical galaxy,0.0,1.8_5_0552.jpg,Elliptical galaxy,0.0
1.8_5_0553.jpg,Merger,3.0,1.8_5_0553.jpg,Else,6.0
1.8_5_0554.jpg,Don’t Know,5.0,1.8_5_0554.jpg,Don’t Know,5.0
1.8_5_0555.jpg,Star,1.0,1.8_5_0555.jpg,Merger,3.0
1.8_5_0556.jpg,Star,1.0,1.8_5_0556.jpg,Elliptical galaxy,0.0
1.8_5_0557.jpg,Don’t Know,5.0,1.8_5_0557.jpg,Don’t Know,5.0
1.8_5_0558.jpg,Don’t Know,5.0,1.8_5_0558.jpg,Don’t Know,5.0
1.8_5_0559.jpg,Don’t Know,5.0,1.8_5_0559.jpg,Clockwise-Z-wise spiral galaxy,2.0
1.8_5_0560.jpg,Star,1.0,1.8_5_0560.jpg,Star,1.0
1.8_5_0561.jpg,Elliptical galaxy,0.0,1.8_5_0561.jpg,Clockwise-Z-wise spiral galaxy,2.0
1.8_5_0562.jpg,Elliptical galaxy,0.0,1.8_5_0562.jpg,Elliptical galaxy,0.0
1.8_5_0563.jpg,Elliptical galaxy,0.0,1.8_5_0563.jpg,Merger,3.0
1.8_5_0564.jpg,Elliptical galaxy,0.0,1.8_5_0564.jpg,Elliptical galaxy,0.0
1.8_5_0565.jpg,Elliptical galaxy,0.0,1.8_5_0565.jpg,Merger,3.0
1.8_5_0566.jpg,Don’t Know,5.0,1.8_5_0566.jpg,Don’t Know,5.0
1.8_5_0567.jpg,Elliptical galaxy,0.0,1.8_5_0567.jpg,Elliptical galaxy,0.0
1.8_5_0568.jpg,Elliptical galaxy,0.0,1.8_5_0568.jpg,Clockwise-Z-wise spiral galaxy,2.0
1.8_5_0569.jpg,Elliptical galaxy,0.0,1.8_5_0569.jpg,Elliptical galaxy,0.0
1.8_5_0570.jpg,Elliptical galaxy,0.0,1.8_5_0570.jpg,Elliptical galaxy,0.0
1.8_5_0571.jpg,Star,1.0,1.8_5_0571.jpg,Elliptical galaxy,0.0
1.8_5_0572.jpg,Elliptical galaxy,0.0,1.8_5_0572.jpg,Anti-clockwise-S-wise spiral galaxy,4.0
1.8_5_0573.jpg,Star,1.0,1.8_5_0573.jpg,Star,1.0
1.8_5_0574.jpg,Star,1.0,1.8_5_0574.jpg,Elliptical galaxy,0.0
1.8_5_0575.jpg,Elliptical galaxy,0.0,1.8_5_0575.jpg,Elliptical galaxy,0.0
1.8_5_0576.jpg,Don’t Know,5.0,1.8_5_0576.jpg,Don’t Know,5.0
1.8_5_0577.jpg,Star,1.0,1.8_5_0577.jpg,Anti-clockwise-S-wise spiral galaxy,4.0
1.8_5_0578.jpg,Elliptical galaxy,0.0,1.8_5_0578.jpg,Clockwise-Z-wise spiral galaxy,2.0
1.8_5_0579.jpg,Clockwise-Z-wise spiral galaxy,2.0,1.8_5_0579.jpg,Anti-clockwise-S-wise spiral galaxy,4.0
1.8_5_0580.jpg,Anti-clockwise-S-wise spiral galaxy,4.0,1.8_5_0580.jpg,Anti-clockwise-S-wise spiral galaxy,4.0
1.8_5_0581.jpg,Elliptical galaxy,0.0,1.8_5_0581.jpg,Merger,3.0
1.8_5_0582.jpg,Elliptical galaxy,0.0,1.8_5_0582.jpg,Anti-clockwise-S-wise spiral galaxy,4.0
1.8_5_0583.jpg,Elliptical galaxy,0.0,1.8_5_0583.jpg,Elliptical galaxy,0.0
1.8_5_0584.jpg,Elliptical galaxy,0.0,1.8_5_0584.jpg,Elliptical galaxy,0.0
1.8_5_0585.jpg,Elliptical galaxy,0.0,1.8_5_0585.jpg,Clockwise-Z-wise spiral galaxy,2.0
1.8_5_0586.jpg,Don’t Know,5.0,1.8_5_0586.jpg,Don’t Know,5.0
1.8_5_0587.jpg,Elliptical galaxy,0.0,1.8_5_0587.jpg,Elliptical galaxy,0.0
1.8_5_0588.jpg,Don’t Know,5.0,1.8_5_0588.jpg,Don’t Know,5.0
1.8_5_0589.jpg,Star,1.0,1.8_5_0589.jpg,Star,1.0
1.8_5_0590.jpg,Elliptical galaxy,0.0,1.8_5_0590.jpg,Elliptical galaxy,0.0
1.8_5_0591.jpg,Don’t Know,5.0,1.8_5_0591.jpg,Don’t Know,5.0
1.8_5_0592.jpg,Elliptical galaxy,0.0,1.8_5_0592.jpg,Don’t Know,5.0
1.8_5_0593.jpg,Merger,3.0,1.8_5_0593.jpg,Elliptical galaxy,0.0
1.8_5_0594.jpg,Anti-clockwise-S-wise spiral galaxy,4.0,1.8_5_0594.jpg,Anti-clockwise-S-wise spiral galaxy,4.0
1.8_5_0595.jpg,Elliptical galaxy,0.0,1.8_5_0595.jpg,Elliptical galaxy,0.0
1.8_5_0596.jpg,Star,1.0,1.8_5_0596.jpg,Elliptical galaxy,0.0
1.8_5_0597.jpg,Star,1.0,1.8_5_0597.jpg,Elliptical galaxy,0.0
1.8_5_0598.jpg,Elliptical galaxy,0.0,1.8_5_0598.jpg,Clockwise-Z-wise spiral galaxy,2.0
1.8_5_0599.jpg,Elliptical galaxy,0.0,1.8_5_0599.jpg,Elliptical galaxy,0.0
1.8_5_0600.jpg,Don’t Know,5.0,1.8_5_0600.jpg,Don’t Know,5.0
1.8_5_0601.jpg,Don’t Know,5.0,1.8_5_0601.jpg,Don’t Know,5.0
1.8_5_0602.jpg,Don’t Know,5.0,1.8_5_0602.jpg,Don’t Know,5.0
1.8_5_0603.jpg,Anti-clockwise-S-wise spiral galaxy,4.0,1.8_5_0603.jpg,Anti-clockwise-S-wise spiral galaxy,4.0
1.8_5_0604.jpg,Elliptical galaxy,0.0,1.8_5_0604.jpg,Don’t Know,5.0
1.8_5_0605.jpg,Elliptical galaxy,0.0,1.8_5_0605.jpg,Don’t Know,5.0
1.8_5_0606.jpg,Don’t Know,5.0,1.8_5_0606.jpg,Clockwise-Z-wise spiral galaxy,2.0
1.8_5_0607.jpg,Elliptical galaxy,0.0,1.8_5_0607.jpg,Don’t Know,5.0
1.8_5_0608.jpg,Elliptical galaxy,0.0,1.8_5_0608.jpg,Anti-clockwise-S-wise spiral galaxy,4.0
1.8_5_0609.jpg,Elliptical galaxy,0.0,1.8_5_0609.jpg,Elliptical galaxy,0.0
1.8_5_0610.jpg,Elliptical galaxy,0.0,1.8_5_0610.jpg,Clockwise-Z-wise spiral galaxy,2.0
1.8_5_0611.jpg,Elliptical galaxy,0.0,1.8_5_0611.jpg,Don’t Know,5.0
1.8_5_0612.jpg,Elliptical galaxy,0.0,1.8_5_0612.jpg,Else,6.0
1.8_5_0613.jpg,Don’t Know,5.0,1.8_5_0613.jpg,Don’t Know,5.0
1.8_5_0614.jpg,Anti-clockwise-S-wise spiral galaxy,4.0,1.8_5_0614.jpg,Anti-clockwise-S-wise spiral galaxy,4.0
1.8_5_0615.jpg,Don’t Know,5.0,1.8_5_0615.jpg,Elliptical galaxy,0.0
1.8_5_0616.jpg,Elliptical galaxy,0.0,1.8_5_0616.jpg,Elliptical galaxy,0.0
1.8_5_0617.jpg,Elliptical galaxy,0.0,1.8_5_0617.jpg,Elliptical galaxy,0.0
1.8_5_0618.jpg,Elliptical galaxy,0.0,1.8_5_0618.jpg,Elliptical galaxy,0.0
1.8_5_0619.jpg,Elliptical galaxy,0.0,1.8_5_0619.jpg,Elliptical galaxy,0.0
1.8_5_0620.jpg,Don’t Know,5.0,1.8_5_0620.jpg,Elliptical galaxy,0.0
1.8_5_0621.jpg,Elliptical galaxy,0.0,1.8_5_0621.jpg,Anti-clockwise-S-wise spiral galaxy,4.0
1.8_5_0622.jpg,Don’t Know,5.0,1.8_5_0622.jpg,Don’t Know,5.0
1.8_5_0623.jpg,Elliptical galaxy,0.0,1.8_5_0623.jpg,Elliptical galaxy,0.0
1.8_5_0624.jpg,Don’t Know,5.0,1.8_5_0624.jpg,Don’t Know,5.0
1.8_5_0625.jpg,Elliptical galaxy,0.0,1.8_5_0625.jpg,Elliptical galaxy,0.0
1.8_5_0626.jpg,Don’t Know,5.0,1.8_5_0626.jpg,Don’t Know,5.0
1.8_5_0627.jpg,Clockwise-Z-wise spiral galaxy,2.0,1.8_5_0627.jpg,Clockwise-Z-wise spiral galaxy,2.0
1.8_5_0628.jpg,Elliptical galaxy,0.0,1.8_5_0628.jpg,Elliptical galaxy,0.0
1.8_5_0629.jpg,Don’t Know,5.0,1.8_5_0629.jpg,Elliptical galaxy,0.0
1.8_5_0630.jpg,Clockwise-Z-wise spiral galaxy,2.0,1.8_5_0630.jpg,Else,6.0
1.8_5_0631.jpg,Clockwise-Z-wise spiral galaxy,2.0,1.8_5_0631.jpg,Clockwise-Z-wise spiral galaxy,2.0
1.8_5_0632.jpg,Elliptical galaxy,0.0,1.8_5_0632.jpg,Elliptical galaxy,0.0
1.8_5_0633.jpg,Else,6.0,1.8_5_0633.jpg,Don’t Know,5.0
1.8_5_0634.jpg,Anti-clockwise-S-wise spiral galaxy,4.0,1.8_5_0634.jpg,Anti-clockwise-S-wise spiral galaxy,4.0
1.8_5_0635.jpg,Anti-clockwise-S-wise spiral galaxy,4.0,1.8_5_0635.jpg,Don’t Know,5.0
1.8_5_0636.jpg,Star,1.0,1.8_5_0636.jpg,Merger,3.0
1.8_5_0637.jpg,Clockwise-Z-wise spiral galaxy,2.0,1.8_5_0637.jpg,Clockwise-Z-wise spiral galaxy,2.0
1.8_5_0638.jpg,Elliptical galaxy,0.0,1.8_5_0638.jpg,Elliptical galaxy,0.0
1.8_5_0639.jpg,Clockwise-Z-wise spiral galaxy,2.0,1.8_5_0639.jpg,Clockwise-Z-wise spiral galaxy,2.0
1.8_5_0640.jpg,Star,1.0,1.8_5_0640.jpg,Merger,3.0
1.8_5_0641.jpg,Elliptical galaxy,0.0,1.8_5_0641.jpg,Elliptical galaxy,0.0
1.8_5_0642.jpg,Elliptical galaxy,0.0,1.8_5_0642.jpg,Clockwise-Z-wise spiral galaxy,2.0
1.8_5_0643.jpg,Elliptical galaxy,0.0,1.8_5_0643.jpg,Elliptical galaxy,0.0
1.8_5_0644.jpg,Elliptical galaxy,0.0,1.8_5_0644.jpg,Elliptical galaxy,0.0
1.8_5_0645.jpg,Elliptical galaxy,0.0,1.8_5_0645.jpg,Clockwise-Z-wise spiral galaxy,2.0
1.8_5_0646.jpg,Elliptical galaxy,0.0,1.8_5_0646.jpg,Elliptical galaxy,0.0
1.8_5_0647.jpg,Elliptical galaxy,0.0,1.8_5_0647.jpg,Elliptical galaxy,0.0
1.8_5_0648.jpg,Clockwise-Z-wise spiral galaxy,2.0,1.8_5_0648.jpg,Clockwise-Z-wise spiral galaxy,2.0
1.8_5_0649.jpg,Star,1.0,1.8_5_0649.jpg,Star,1.0
1.8_5_0650.jpg,Elliptical galaxy,0.0,1.8_5_0650.jpg,Elliptical galaxy,0.0
1.8_5_0651.jpg,Elliptical galaxy,0.0,1.8_5_0651.jpg,Elliptical galaxy,0.0
1.8_5_0652.jpg,Elliptical galaxy,0.0,1.8_5_0652.jpg,Elliptical galaxy,0.0
1.8_5_0653.jpg,Elliptical galaxy,0.0,1.8_5_0653.jpg,Elliptical galaxy,0.0
1.8_5_0654.jpg,Elliptical galaxy,0.0,1.8_5_0654.jpg,Elliptical galaxy,0.0
1.8_5_0655.jpg,Elliptical galaxy,0.0,1.8_5_0655.jpg,Elliptical galaxy,0.0
1.8_5_0656.jpg,Elliptical galaxy,0.0,1.8_5_0656.jpg,Elliptical galaxy,0.0
1.8_5_0657.jpg,Elliptical galaxy,0.0,1.8_5_0657.jpg,Elliptical galaxy,0.0
1.8_5_0658.jpg,Elliptical galaxy,0.0,1.8_5_0658.jpg,Elliptical galaxy,0.0
1.8_5_0659.jpg,Elliptical galaxy,0.0,1.8_5_0659.jpg,Elliptical galaxy,0.0
1.8_5_0660.jpg,Elliptical galaxy,0.0,1.8_5_0660.jpg,Elliptical galaxy,0.0
1.8_5_0661.jpg,Elliptical galaxy,0.0,1.8_5_0661.jpg,Clockwise-Z-wise spiral galaxy,2.0
1.8_5_0662.jpg,Else,6.0,1.8_5_0662.jpg,Don’t Know,5.0
1.8_5_0663.jpg,Star,1.0,1.8_5_0663.jpg,Anti-clockwise-S-wise spiral galaxy,4.0
1.8_5_0664.jpg,Elliptical galaxy,0.0,1.8_5_0664.jpg,Elliptical galaxy,0.0
1.8_5_0665.jpg,Else,6.0,1.8_5_0665.jpg,Elliptical galaxy,0.0
1.8_5_0666.jpg,Star,1.0,1.8_5_0666.jpg,Merger,3.0
1.8_5_0667.jpg,Elliptical galaxy,0.0,1.8_5_0667.jpg,Anti-clockwise-S-wise spiral galaxy,4.0
1.8_5_0668.jpg,Elliptical galaxy,0.0,1.8_5_0668.jpg,Elliptical galaxy,0.0
1.8_5_0669.jpg,Elliptical galaxy,0.0,1.8_5_0669.jpg,Elliptical galaxy,0.0
1.8_5_0670.jpg,Star,1.0,1.8_5_0670.jpg,Elliptical galaxy,0.0
1.8_5_0671.jpg,Elliptical galaxy,0.0,1.8_5_0671.jpg,Elliptical galaxy,0.0
1.8_5_0672.jpg,Star,1.0,1.8_5_0672.jpg,Elliptical galaxy,0.0
1.8_5_0673.jpg,Else,6.0,1.8_5_0673.jpg,Elliptical galaxy,0.0
1.8_5_0674.jpg,Else,6.0,1.8_5_0674.jpg,Don’t Know,5.0
1.8_5_0675.jpg,Star,1.0,1.8_5_0675.jpg,Elliptical galaxy,0.0
1.8_5_0676.jpg,Anti-clockwise-S-wise spiral galaxy,4.0,1.8_5_0676.jpg,Anti-clockwise-S-wise spiral galaxy,4.0
1.8_5_0677.jpg,Elliptical galaxy,0.0,1.8_5_0677.jpg,Elliptical galaxy,0.0
1.8_5_0678.jpg,Else,6.0,1.8_5_0678.jpg,Don’t Know,5.0
1.8_5_0679.jpg,Clockwise-Z-wise spiral galaxy,2.0,1.8_5_0679.jpg,Anti-clockwise-S-wise spiral galaxy,4.0
1.8_5_0680.jpg,Elliptical galaxy,0.0,1.8_5_0680.jpg,Elliptical galaxy,0.0
1.8_5_0681.jpg,Elliptical galaxy,0.0,1.8_5_0681.jpg,Elliptical galaxy,0.0
1.8_5_0682.jpg,Elliptical galaxy,0.0,1.8_5_0682.jpg,Elliptical galaxy,0.0
1.8_5_0683.jpg,Merger,3.0,1.8_5_0683.jpg,Don’t Know,5.0
1.8_5_0684.jpg,Elliptical galaxy,0.0,1.8_5_0684.jpg,Elliptical galaxy,0.0
1.8_5_0685.jpg,Don’t Know,5.0,1.8_5_0685.jpg,Don’t Know,5.0
1.8_5_0686.jpg,Elliptical galaxy,0.0,1.8_5_0686.jpg,Clockwise-Z-wise spiral galaxy,2.0
1.8_5_0687.jpg,Elliptical galaxy,0.0,1.8_5_0687.jpg,Elliptical galaxy,0.0
1.8_5_0688.jpg,Elliptical galaxy,0.0,1.8_5_0688.jpg,Elliptical galaxy,0.0
1.8_5_0689.jpg,Elliptical galaxy,0.0,1.8_5_0689.jpg,Elliptical galaxy,0.0
1.8_5_0690.jpg,Elliptical galaxy,0.0,1.8_5_0690.jpg,Anti-clockwise-S-wise spiral galaxy,4.0
1.8_5_0691.jpg,Elliptical galaxy,0.0,1.8_5_0691.jpg,Clockwise-Z-wise spiral galaxy,2.0
1.8_5_0692.jpg,Elliptical galaxy,0.0,1.8_5_0692.jpg,Else,6.0
1.8_5_0693.jpg,Star,1.0,1.8_5_0693.jpg,Elliptical galaxy,0.0
1.8_5_0694.jpg,Elliptical galaxy,0.0,1.8_5_0694.jpg,Elliptical galaxy,0.0
1.8_5_0695.jpg,Clockwise-Z-wise spiral galaxy,2.0,1.8_5_0695.jpg,Clockwise-Z-wise spiral galaxy,2.0
1.8_5_0696.jpg,Don’t Know,5.0,1.8_5_0696.jpg,Don’t Know,5.0
1.8_5_0697.jpg,Elliptical galaxy,0.0,1.8_5_0697.jpg,Don’t Know,5.0
1.8_5_0698.jpg,Elliptical galaxy,0.0,1.8_5_0698.jpg,Anti-clockwise-S-wise spiral galaxy,4.0
1.8_5_0699.jpg,Don’t Know,5.0,1.8_5_0699.jpg,Don’t Know,5.0
1.8_5_0700.jpg,Don’t Know,5.0,1.8_5_0700.jpg,Elliptical galaxy,0.0
1.8_5_0701.jpg,Don’t Know,5.0,1.8_5_0701.jpg,Elliptical galaxy,0.0
1.8_5_0702.jpg,Elliptical galaxy,0.0,1.8_5_0702.jpg,Elliptical galaxy,0.0
1.8_5_0703.jpg,Elliptical galaxy,0.0,1.8_5_0703.jpg,Else,6.0
1.8_5_0704.jpg,Elliptical galaxy,0.0,1.8_5_0704.jpg,Elliptical galaxy,0.0
1.8_5_0705.jpg,Anti-clockwise-S-wise spiral galaxy,4.0,1.8_5_0705.jpg,Anti-clockwise-S-wise spiral galaxy,4.0
1.8_5_0706.jpg,Else,6.0,1.8_5_0706.jpg,Elliptical galaxy,0.0
1.8_5_0707.jpg,Star,1.0,1.8_5_0707.jpg,Star,1.0
1.8_5_0708.jpg,Elliptical galaxy,0.0,1.8_5_0708.jpg,Elliptical galaxy,0.0
1.8_5_0709.jpg,Clockwise-Z-wise spiral galaxy,2.0,1.8_5_0709.jpg,Don’t Know,5.0
1.8_5_0710.jpg,Else,6.0,1.8_5_0710.jpg,Don’t Know,5.0
1.8_5_0711.jpg,Don’t Know,5.0,1.8_5_0711.jpg,Don’t Know,5.0
1.8_5_0712.jpg,Elliptical galaxy,0.0,1.8_5_0712.jpg,Elliptical galaxy,0.0
1.8_5_0713.jpg,Star,1.0,1.8_5_0713.jpg,Star,1.0
1.8_5_0714.jpg,Elliptical galaxy,0.0,1.8_5_0714.jpg,Star,1.0
1.8_5_0715.jpg,Elliptical galaxy,0.0,1.8_5_0715.jpg,Elliptical galaxy,0.0
1.8_5_0716.jpg,Elliptical galaxy,0.0,1.8_5_0716.jpg,Elliptical galaxy,0.0
1.8_5_0717.jpg,Elliptical galaxy,0.0,1.8_5_0717.jpg,Don’t Know,5.0
1.8_5_0718.jpg,Star,1.0,1.8_5_0718.jpg,Elliptical galaxy,0.0
1.8_5_0719.jpg,Elliptical galaxy,0.0,1.8_5_0719.jpg,Elliptical galaxy,0.0
1.8_5_0720.jpg,Star,1.0,1.8_5_0720.jpg,Star,1.0
1.8_5_0721.jpg,Clockwise-Z-wise spiral galaxy,2.0,1.8_5_0721.jpg,Star,1.0
1.8_5_0722.jpg,Clockwise-Z-wise spiral galaxy,2.0,1.8_5_0722.jpg,Elliptical galaxy,0.0
1.8_5_0723.jpg,Don’t Know,5.0,1.8_5_0723.jpg,Don’t Know,5.0
1.8_5_0724.jpg,Don’t Know,5.0,1.8_5_0724.jpg,Don’t Know,5.0
1.8_5_0725.jpg,Elliptical galaxy,0.0,1.8_5_0725.jpg,Else,6.0
1.8_5_0726.jpg,Elliptical galaxy,0.0,1.8_5_0726.jpg,Clockwise-Z-wise spiral galaxy,2.0
1.8_5_0727.jpg,Elliptical galaxy,0.0,1.8_5_0727.jpg,Elliptical galaxy,0.0
1.8_5_0728.jpg,Clockwise-Z-wise spiral galaxy,2.0,1.8_5_0728.jpg,Clockwise-Z-wise spiral galaxy,2.0
1.8_5_0729.jpg,Star,1.0,1.8_5_0729.jpg,Elliptical galaxy,0.0
1.8_5_0730.jpg,Anti-clockwise-S-wise spiral galaxy,4.0,1.8_5_0730.jpg,Anti-clockwise-S-wise spiral galaxy,4.0
1.8_5_0731.jpg,Elliptical galaxy,0.0,1.8_5_0731.jpg,Anti-clockwise-S-wise spiral galaxy,4.0
1.8_5_0732.jpg,Clockwise-Z-wise spiral galaxy,2.0,1.8_5_0732.jpg,Don’t Know,5.0
1.8_5_0733.jpg,Elliptical galaxy,0.0,1.8_5_0733.jpg,Elliptical galaxy,0.0
1.8_5_0734.jpg,Don’t Know,5.0,1.8_5_0734.jpg,Star,1.0
1.8_5_0735.jpg,Elliptical galaxy,0.0,1.8_5_0735.jpg,Elliptical galaxy,0.0
1.8_5_0736.jpg,Clockwise-Z-wise spiral galaxy,2.0,1.8_5_0736.jpg,Elliptical galaxy,0.0
1.8_5_0737.jpg,Star,1.0,1.8_5_0737.jpg,Elliptical galaxy,0.0
1.8_5_0738.jpg,Star,1.0,1.8_5_0738.jpg,Elliptical galaxy,0.0
1.8_5_0739.jpg,Elliptical galaxy,0.0,1.8_5_0739.jpg,Elliptical galaxy,0.0
1.8_5_0740.jpg,Elliptical galaxy,0.0,1.8_5_0740.jpg,Elliptical galaxy,0.0
1.8_5_0741.jpg,Star,1.0,1.8_5_0741.jpg,Star,1.0
1.8_5_0742.jpg,Elliptical galaxy,0.0,1.8_5_0742.jpg,Elliptical galaxy,0.0
1.8_5_0743.jpg,Elliptical galaxy,0.0,1.8_5_0743.jpg,Clockwise-Z-wise spiral galaxy,2.0
1.8_5_0744.jpg,Don’t Know,5.0,1.8_5_0744.jpg,Don’t Know,5.0
1.8_5_0745.jpg,Elliptical galaxy,0.0,1.8_5_0745.jpg,Elliptical galaxy,0.0
1.8_5_0746.jpg,Clockwise-Z-wise spiral galaxy,2.0,1.8_5_0746.jpg,Clockwise-Z-wise spiral galaxy,2.0
1.8_5_0747.jpg,Star,1.0,1.8_5_0747.jpg,Merger,3.0
1.8_5_0748.jpg,Elliptical galaxy,0.0,1.8_5_0748.jpg,Elliptical galaxy,0.0
1.8_5_0749.jpg,Elliptical galaxy,0.0,1.8_5_0749.jpg,Elliptical galaxy,0.0
1.8_5_0750.jpg,Star,1.0,1.8_5_0750.jpg,Elliptical galaxy,0.0
1.8_5_0751.jpg,Elliptical galaxy,0.0,1.8_5_0751.jpg,Elliptical galaxy,0.0
1.8_5_0752.jpg,Elliptical galaxy,0.0,1.8_5_0752.jpg,Elliptical galaxy,0.0
1.8_5_0753.jpg,Elliptical galaxy,0.0,1.8_5_0753.jpg,Clockwise-Z-wise spiral galaxy,2.0
1.8_5_0754.jpg,Don’t Know,5.0,1.8_5_0754.jpg,Don’t Know,5.0
1.8_5_0755.jpg,Elliptical galaxy,0.0,1.8_5_0755.jpg,Don’t Know,5.0
1.8_5_0756.jpg,Elliptical galaxy,0.0,1.8_5_0756.jpg,Elliptical galaxy,0.0
1.8_5_0757.jpg,Elliptical galaxy,0.0,1.8_5_0757.jpg,Don’t Know,5.0
1.8_5_0758.jpg,Don’t Know,5.0,1.8_5_0758.jpg,Don’t Know,5.0
1.8_5_0759.jpg,Elliptical galaxy,0.0,1.8_5_0759.jpg,Anti-clockwise-S-wise spiral galaxy,4.0
1.8_5_0760.jpg,Don’t Know,5.0,1.8_5_0760.jpg,Don’t Know,5.0
1.8_5_0761.jpg,Merger,3.0,1.8_5_0761.jpg,Elliptical galaxy,0.0
1.8_5_0762.jpg,Anti-clockwise-S-wise spiral galaxy,4.0,1.8_5_0762.jpg,Elliptical galaxy,0.0
1.8_5_0763.jpg,Elliptical galaxy,0.0,1.8_5_0763.jpg,Elliptical galaxy,0.0
1.8_5_0764.jpg,Star,1.0,1.8_5_0764.jpg,Elliptical galaxy,0.0
1.8_5_0765.jpg,Star,1.0,1.8_5_0765.jpg,Don’t Know,5.0
1.8_5_0766.jpg,Clockwise-Z-wise spiral galaxy,2.0,1.8_5_0766.jpg,Clockwise-Z-wise spiral galaxy,2.0
1.8_5_0767.jpg,Elliptical galaxy,0.0,1.8_5_0767.jpg,Elliptical galaxy,0.0
1.8_5_0768.jpg,Don’t Know,5.0,1.8_5_0768.jpg,Don’t Know,5.0
1.8_5_0769.jpg,Merger,3.0,1.8_5_0769.jpg,Merger,3.0
1.8_5_0770.jpg,Clockwise-Z-wise spiral galaxy,2.0,1.8_5_0770.jpg,Elliptical galaxy,0.0
1.8_5_0771.jpg,Elliptical galaxy,0.0,1.8_5_0771.jpg,Elliptical galaxy,0.0
1.8_5_0772.jpg,Elliptical galaxy,0.0,1.8_5_0772.jpg,Anti-clockwise-S-wise spiral galaxy,4.0
1.8_5_0773.jpg,Elliptical galaxy,0.0,1.8_5_0773.jpg,Elliptical galaxy,0.0
1.8_5_0774.jpg,Elliptical galaxy,0.0,1.8_5_0774.jpg,Elliptical galaxy,0.0
1.8_5_0775.jpg,Don’t Know,5.0,1.8_5_0775.jpg,Don’t Know,5.0
1.8_5_0776.jpg,Elliptical galaxy,0.0,1.8_5_0776.jpg,Elliptical galaxy,0.0
1.8_5_0777.jpg,Star,1.0,1.8_5_0777.jpg,Elliptical galaxy,0.0
1.8_5_0778.jpg,Elliptical galaxy,0.0,1.8_5_0778.jpg,Anti-clockwise-S-wise spiral galaxy,4.0
1.8_5_0779.jpg,Elliptical galaxy,0.0,1.8_5_0779.jpg,Don’t Know,5.0
1.8_5_0780.jpg,Elliptical galaxy,0.0,1.8_5_0780.jpg,Don’t Know,5.0
1.8_5_0781.jpg,Star,1.0,1.8_5_0781.jpg,Merger,3.0
1.8_5_0782.jpg,Star,1.0,1.8_5_0782.jpg,Elliptical galaxy,0.0
1.8_5_0783.jpg,Merger,3.0,1.8_5_0783.jpg,Merger,3.0
1.8_5_0784.jpg,Elliptical galaxy,0.0,1.8_5_0784.jpg,Don’t Know,5.0
1.8_5_0785.jpg,Don’t Know,5.0,1.8_5_0785.jpg,Don’t Know,5.0
1.8_5_0786.jpg,Don’t Know,5.0,1.8_5_0786.jpg,Don’t Know,5.0
1.8_5_0787.jpg,Elliptical galaxy,0.0,1.8_5_0787.jpg,Elliptical galaxy,0.0
1.8_5_0788.jpg,Elliptical galaxy,0.0,1.8_5_0788.jpg,Elliptical galaxy,0.0
1.8_5_0789.jpg,Elliptical galaxy,0.0,1.8_5_0789.jpg,Elliptical galaxy,0.0
1.8_5_0790.jpg,Don’t Know,5.0,1.8_5_0790.jpg,Don’t Know,5.0
1.8_5_0791.jpg,Elliptical galaxy,0.0,1.8_5_0791.jpg,Elliptical galaxy,0.0
1.8_5_0792.jpg,Star,1.0,1.8_5_0792.jpg,Elliptical galaxy,0.0
1.8_5_0793.jpg,Elliptical galaxy,0.0,1.8_5_0793.jpg,Clockwise-Z-wise spiral galaxy,2.0
1.8_5_0794.jpg,Elliptical galaxy,0.0,1.8_5_0794.jpg,Elliptical galaxy,0.0
1.8_5_0795.jpg,Elliptical galaxy,0.0,1.8_5_0795.jpg,Clockwise-Z-wise spiral galaxy,2.0
1.8_5_0796.jpg,Elliptical galaxy,0.0,1.8_5_0796.jpg,Anti-clockwise-S-wise spiral galaxy,4.0
1.8_5_0797.jpg,Star,1.0,1.8_5_0797.jpg,Elliptical galaxy,0.0
1.8_5_0798.jpg,Elliptical galaxy,0.0,1.8_5_0798.jpg,Clockwise-Z-wise spiral galaxy,2.0
1.8_5_0799.jpg,Star,1.0,1.8_5_0799.jpg,Elliptical galaxy,0.0
1.8_5_0800.jpg,Elliptical galaxy,0.0,1.8_5_0800.jpg,Elliptical galaxy,0.0
1.8_5_0801.jpg,Don’t Know,5.0,1.8_5_0801.jpg,Elliptical galaxy,0.0
1.8_5_0802.jpg,Elliptical galaxy,0.0,1.8_5_0802.jpg,Elliptical galaxy,0.0
1.8_5_0803.jpg,Don’t Know,5.0,1.8_5_0803.jpg,Don’t Know,5.0
1.8_5_0804.jpg,Elliptical galaxy,0.0,1.8_5_0804.jpg,Don’t Know,5.0
1.8_5_0805.jpg,Clockwise-Z-wise spiral galaxy,2.0,1.8_5_0805.jpg,Don’t Know,5.0
1.8_5_0806.jpg,Elliptical galaxy,0.0,1.8_5_0806.jpg,Elliptical galaxy,0.0
1.8_5_0807.jpg,Elliptical galaxy,0.0,1.8_5_0807.jpg,Anti-clockwise-S-wise spiral galaxy,4.0
1.8_5_0808.jpg,Elliptical galaxy,0.0,1.8_5_0808.jpg,Elliptical galaxy,0.0
1.8_5_0809.jpg,Don’t Know,5.0,1.8_5_0809.jpg,Don’t Know,5.0
1.8_5_0810.jpg,Don’t Know,5.0,1.8_5_0810.jpg,Don’t Know,5.0
1.8_5_0811.jpg,Don’t Know,5.0,1.8_5_0811.jpg,Don’t Know,5.0
1.8_5_0812.jpg,Elliptical galaxy,0.0,1.8_5_0812.jpg,Else,6.0
1.8_5_0813.jpg,Elliptical galaxy,0.0,1.8_5_0813.jpg,Anti-clockwise-S-wise spiral galaxy,4.0
1.8_5_0814.jpg,Elliptical galaxy,0.0,1.8_5_0814.jpg,Elliptical galaxy,0.0
1.8_5_0815.jpg,Elliptical galaxy,0.0,1.8_5_0815.jpg,Elliptical galaxy,0.0
1.8_5_0816.jpg,Anti-clockwise-S-wise spiral galaxy,4.0,1.8_5_0816.jpg,Elliptical galaxy,0.0
1.8_5_0817.jpg,Elliptical galaxy,0.0,1.8_5_0817.jpg,Don’t Know,5.0
1.8_5_0818.jpg,Elliptical galaxy,0.0,1.8_5_0818.jpg,Anti-clockwise-S-wise spiral galaxy,4.0
1.8_5_0819.jpg,Don’t Know,5.0,1.8_5_0819.jpg,Don’t Know,5.0
1.8_5_0820.jpg,Elliptical galaxy,0.0,1.8_5_0820.jpg,Elliptical galaxy,0.0
1.8_5_0821.jpg,Elliptical galaxy,0.0,1.8_5_0821.jpg,Elliptical galaxy,0.0
1.8_5_0822.jpg,Elliptical galaxy,0.0,1.8_5_0822.jpg,Don’t Know,5.0
1.8_5_0823.jpg,Elliptical galaxy,0.0,1.8_5_0823.jpg,Elliptical galaxy,0.0
1.8_5_0824.jpg,Star,1.0,1.8_5_0824.jpg,Don’t Know,5.0
1.8_5_0825.jpg,Elliptical galaxy,0.0,1.8_5_0825.jpg,Elliptical galaxy,0.0
1.8_5_0826.jpg,Elliptical galaxy,0.0,1.8_5_0826.jpg,Elliptical galaxy,0.0
1.8_5_0827.jpg,Don’t Know,5.0,1.8_5_0827.jpg,Don’t Know,5.0
1.8_5_0828.jpg,Don’t Know,5.0,1.8_5_0828.jpg,Don’t Know,5.0
1.8_5_0829.jpg,Star,1.0,1.8_5_0829.jpg,Don’t Know,5.0
1.8_5_0830.jpg,Elliptical galaxy,0.0,1.8_5_0830.jpg,Elliptical galaxy,0.0
1.8_5_0831.jpg,Star,1.0,1.8_5_0831.jpg,Elliptical galaxy,0.0
1.8_5_0832.jpg,Elliptical galaxy,0.0,1.8_5_0832.jpg,Don’t Know,5.0
1.8_5_0833.jpg,Clockwise-Z-wise spiral galaxy,2.0,1.8_5_0833.jpg,Clockwise-Z-wise spiral galaxy,2.0
1.8_5_0834.jpg,Don’t Know,5.0,1.8_5_0834.jpg,Don’t Know,5.0
1.8_5_0835.jpg,Don’t Know,5.0,1.8_5_0835.jpg,Don’t Know,5.0
1.8_5_0836.jpg,Elliptical galaxy,0.0,1.8_5_0836.jpg,Don’t Know,5.0
1.8_5_0837.jpg,Elliptical galaxy,0.0,1.8_5_0837.jpg,Elliptical galaxy,0.0
1.8_5_0838.jpg,Elliptical galaxy,0.0,1.8_5_0838.jpg,Elliptical galaxy,0.0
1.8_5_0839.jpg,Don’t Know,5.0,1.8_5_0839.jpg,Don’t Know,5.0
1.8_5_0840.jpg,Don’t Know,5.0,1.8_5_0840.jpg,Don’t Know,5.0
1.8_5_0841.jpg,Elliptical galaxy,0.0,1.8_5_0841.jpg,Don’t Know,5.0
1.8_5_0842.jpg,Clockwise-Z-wise spiral galaxy,2.0,1.8_5_0842.jpg,Don’t Know,5.0
1.8_5_0843.jpg,Elliptical galaxy,0.0,1.8_5_0843.jpg,Clockwise-Z-wise spiral galaxy,2.0
1.8_5_0844.jpg,Star,1.0,1.8_5_0844.jpg,Elliptical galaxy,0.0
1.8_5_0845.jpg,Star,1.0,1.8_5_0845.jpg,Elliptical galaxy,0.0
1.8_5_0846.jpg,Don’t Know,5.0,1.8_5_0846.jpg,Anti-clockwise-S-wise spiral galaxy,4.0
1.8_5_0847.jpg,Don’t Know,5.0,1.8_5_0847.jpg,Don’t Know,5.0
1.8_5_0848.jpg,Elliptical galaxy,0.0,1.8_5_0848.jpg,Elliptical galaxy,0.0
1.8_5_0849.jpg,Elliptical galaxy,0.0,1.8_5_0849.jpg,Elliptical galaxy,0.0
1.8_5_0850.jpg,Elliptical galaxy,0.0,1.8_5_0850.jpg,Don’t Know,5.0
1.8_5_0851.jpg,Elliptical galaxy,0.0,1.8_5_0851.jpg,Anti-clockwise-S-wise spiral galaxy,4.0
1.8_5_0852.jpg,Elliptical galaxy,0.0,1.8_5_0852.jpg,Elliptical galaxy,0.0
1.8_5_0853.jpg,Elliptical galaxy,0.0,1.8_5_0853.jpg,Elliptical galaxy,0.0
1.8_5_0854.jpg,Elliptical galaxy,0.0,1.8_5_0854.jpg,Anti-clockwise-S-wise spiral galaxy,4.0
1.8_5_0855.jpg,Elliptical galaxy,0.0,1.8_5_0855.jpg,Elliptical galaxy,0.0
1.8_5_0856.jpg,Don’t Know,5.0,1.8_5_0856.jpg,Don’t Know,5.0
1.8_5_0857.jpg,Clockwise-Z-wise spiral galaxy,2.0,1.8_5_0857.jpg,Clockwise-Z-wise spiral galaxy,2.0
1.8_5_0858.jpg,Don’t Know,5.0,1.8_5_0858.jpg,Don’t Know,5.0
1.8_5_0859.jpg,Elliptical galaxy,0.0,1.8_5_0859.jpg,Elliptical galaxy,0.0
1.8_5_0860.jpg,Don’t Know,5.0,1.8_5_0860.jpg,Don’t Know,5.0
1.8_5_0861.jpg,Elliptical galaxy,0.0,1.8_5_0861.jpg,Elliptical galaxy,0.0
1.8_5_0862.jpg,Don’t Know,5.0,1.8_5_0862.jpg,Don’t Know,5.0
1.8_5_0863.jpg,Don’t Know,5.0,1.8_5_0863.jpg,Anti-clockwise-S-wise spiral galaxy,4.0
1.8_5_0864.jpg,Don’t Know,5.0,1.8_5_0864.jpg,Anti-clockwise-S-wise spiral galaxy,4.0
1.8_5_0865.jpg,Don’t Know,5.0,1.8_5_0865.jpg,Don’t Know,5.0
1.8_5_0866.jpg,Don’t Know,5.0,1.8_5_0866.jpg,Don’t Know,5.0
1.8_5_0867.jpg,Don’t Know,5.0,1.8_5_0867.jpg,Don’t Know,5.0
1.8_5_0868.jpg,Star,1.0,1.8_5_0868.jpg,Star,1.0
1.8_5_0869.jpg,Clockwise-Z-wise spiral galaxy,2.0,1.8_5_0869.jpg,Clockwise-Z-wise spiral galaxy,2.0
1.8_5_0870.jpg,Elliptical galaxy,0.0,1.8_5_0870.jpg,Elliptical galaxy,0.0
1.8_5_0871.jpg,Clockwise-Z-wise spiral galaxy,2.0,1.8_5_0871.jpg,Don’t Know,5.0
1.8_5_0872.jpg,Elliptical galaxy,0.0,1.8_5_0872.jpg,Elliptical galaxy,0.0
1.8_5_0873.jpg,Else,6.0,1.8_5_0873.jpg,Don’t Know,5.0
1.8_5_0874.jpg,Elliptical galaxy,0.0,1.8_5_0874.jpg,Elliptical galaxy,0.0
1.8_5_0875.jpg,Else,6.0,1.8_5_0875.jpg,Elliptical galaxy,0.0
1.8_5_0876.jpg,Elliptical galaxy,0.0,1.8_5_0876.jpg,Elliptical galaxy,0.0
1.8_5_0877.jpg,Anti-clockwise-S-wise spiral galaxy,4.0,1.8_5_0877.jpg,Anti-clockwise-S-wise spiral galaxy,4.0
1.8_5_0878.jpg,Elliptical galaxy,0.0,1.8_5_0878.jpg,Don’t Know,5.0
1.8_5_0879.jpg,Elliptical galaxy,0.0,1.8_5_0879.jpg,Elliptical galaxy,0.0
1.8_5_0880.jpg,Elliptical galaxy,0.0,1.8_5_0880.jpg,Don’t Know,5.0
1.8_5_0881.jpg,Elliptical galaxy,0.0,1.8_5_0881.jpg,Don’t Know,5.0
1.8_5_0882.jpg,Star,1.0,1.8_5_0882.jpg,Merger,3.0
1.8_5_0883.jpg,Star,1.0,1.8_5_0883.jpg,Merger,3.0
1.8_5_0884.jpg,Star,1.0,1.8_5_0884.jpg,Don’t Know,5.0
1.8_5_0885.jpg,Elliptical galaxy,0.0,1.8_5_0885.jpg,Don’t Know,5.0
1.8_5_0886.jpg,Elliptical galaxy,0.0,1.8_5_0886.jpg,Don’t Know,5.0
1.8_5_0887.jpg,Star,1.0,1.8_5_0887.jpg,Elliptical galaxy,0.0
1.8_5_0888.jpg,Elliptical galaxy,0.0,1.8_5_0888.jpg,Star,1.0
1.8_5_0889.jpg,Elliptical galaxy,0.0,1.8_5_0889.jpg,Elliptical galaxy,0.0
1.8_5_0890.jpg,Elliptical galaxy,0.0,1.8_5_0890.jpg,Elliptical galaxy,0.0
1.8_5_0891.jpg,Don’t Know,5.0,1.8_5_0891.jpg,Don’t Know,5.0
1.8_5_0892.jpg,Elliptical galaxy,0.0,1.8_5_0892.jpg,Elliptical galaxy,0.0
1.8_5_0893.jpg,Elliptical galaxy,0.0,1.8_5_0893.jpg,Elliptical galaxy,0.0
1.8_5_0894.jpg,Elliptical galaxy,0.0,1.8_5_0894.jpg,Elliptical galaxy,0.0
1.8_5_0895.jpg,Elliptical galaxy,0.0,1.8_5_0895.jpg,Elliptical galaxy,0.0
1.8_5_0896.jpg,Elliptical galaxy,0.0,1.8_5_0896.jpg,Elliptical galaxy,0.0
1.8_5_0897.jpg,Elliptical galaxy,0.0,1.8_5_0897.jpg,Don’t Know,5.0
1.8_5_0898.jpg,Elliptical galaxy,0.0,1.8_5_0898.jpg,Elliptical galaxy,0.0
1.8_5_0899.jpg,Don’t Know,5.0,1.8_5_0899.jpg,Elliptical galaxy,0.0
1.8_5_0900.jpg,Star,1.0,1.8_5_0900.jpg,Elliptical galaxy,0.0
1.8_5_0901.jpg,Don’t Know,5.0,1.8_5_0901.jpg,Elliptical galaxy,0.0
1.8_5_0902.jpg,Don’t Know,5.0,1.8_5_0902.jpg,Don’t Know,5.0
1.8_5_0903.jpg,Elliptical galaxy,0.0,1.8_5_0903.jpg,Clockwise-Z-wise spiral galaxy,2.0
1.8_5_0904.jpg,Elliptical galaxy,0.0,1.8_5_0904.jpg,Elliptical galaxy,0.0
1.8_5_0905.jpg,Clockwise-Z-wise spiral galaxy,2.0,1.8_5_0905.jpg,Clockwise-Z-wise spiral galaxy,2.0
1.8_5_0906.jpg,Don’t Know,5.0,1.8_5_0906.jpg,Don’t Know,5.0
1.8_5_0907.jpg,Elliptical galaxy,0.0,1.8_5_0907.jpg,Don’t Know,5.0
1.8_5_0908.jpg,Elliptical galaxy,0.0,1.8_5_0908.jpg,Don’t Know,5.0
1.8_5_0909.jpg,Elliptical galaxy,0.0,1.8_5_0909.jpg,Don’t Know,5.0
1.8_5_0910.jpg,Elliptical galaxy,0.0,1.8_5_0910.jpg,Don’t Know,5.0
1.8_5_0911.jpg,Elliptical galaxy,0.0,1.8_5_0911.jpg,Don’t Know,5.0
1.8_5_0912.jpg,Elliptical galaxy,0.0,1.8_5_0912.jpg,Don’t Know,5.0
1.8_5_0913.jpg,Elliptical galaxy,0.0,1.8_5_0913.jpg,Elliptical galaxy,0.0
1.8_5_0914.jpg,Elliptical galaxy,0.0,1.8_5_0914.jpg,Anti-clockwise-S-wise spiral galaxy,4.0
1.8_5_0915.jpg,Elliptical galaxy,0.0,1.8_5_0915.jpg,Anti-clockwise-S-wise spiral galaxy,4.0
1.8_5_0916.jpg,Clockwise-Z-wise spiral galaxy,2.0,1.8_5_0916.jpg,Anti-clockwise-S-wise spiral galaxy,4.0
1.8_5_0917.jpg,Clockwise-Z-wise spiral galaxy,2.0,1.8_5_0917.jpg,Anti-clockwise-S-wise spiral galaxy,4.0
1.8_5_0918.jpg,Clockwise-Z-wise spiral galaxy,2.0,1.8_5_0918.jpg,Elliptical galaxy,0.0
1.8_5_0919.jpg,Elliptical galaxy,0.0,1.8_5_0919.jpg,Elliptical galaxy,0.0
1.8_5_0920.jpg,Elliptical galaxy,0.0,1.8_5_0920.jpg,Elliptical galaxy,0.0
1.8_5_0921.jpg,Elliptical galaxy,0.0,1.8_5_0921.jpg,Elliptical galaxy,0.0
1.8_5_0922.jpg,Elliptical galaxy,0.0,1.8_5_0922.jpg,Elliptical galaxy,0.0
1.8_5_0923.jpg,Elliptical galaxy,0.0,1.8_5_0923.jpg,Don’t Know,5.0
1.8_5_0924.jpg,Elliptical galaxy,0.0,1.8_5_0924.jpg,Elliptical galaxy,0.0
1.8_5_0925.jpg,Elliptical galaxy,0.0,1.8_5_0925.jpg,Elliptical galaxy,0.0
1.8_5_0926.jpg,Don’t Know,5.0,1.8_5_0926.jpg,Elliptical galaxy,0.0
1.8_5_0927.jpg,Elliptical galaxy,0.0,1.8_5_0927.jpg,Elliptical galaxy,0.0
1.8_5_0928.jpg,Star,1.0,1.8_5_0928.jpg,Don’t Know,5.0
1.8_5_0929.jpg,Elliptical galaxy,0.0,1.8_5_0929.jpg,Don’t Know,5.0
1.8_5_0930.jpg,Elliptical galaxy,0.0,1.8_5_0930.jpg,Elliptical galaxy,0.0
1.8_5_0931.jpg,Clockwise-Z-wise spiral galaxy,2.0,1.8_5_0931.jpg,Clockwise-Z-wise spiral galaxy,2.0
1.8_5_0932.jpg,Don’t Know,5.0,1.8_5_0932.jpg,Don’t Know,5.0
1.8_5_0933.jpg,Don’t Know,5.0,1.8_5_0933.jpg,Don’t Know,5.0
1.8_5_0934.jpg,Don’t Know,5.0,1.8_5_0934.jpg,Don’t Know,5.0
1.8_5_0935.jpg,Elliptical galaxy,0.0,1.8_5_0935.jpg,Don’t Know,5.0
1.8_5_0936.jpg,Elliptical galaxy,0.0,1.8_5_0936.jpg,Anti-clockwise-S-wise spiral galaxy,4.0
1.8_5_0937.jpg,Anti-clockwise-S-wise spiral galaxy,4.0,1.8_5_0937.jpg,Anti-clockwise-S-wise spiral galaxy,4.0
1.8_5_0938.jpg,Elliptical galaxy,0.0,1.8_5_0938.jpg,Elliptical galaxy,0.0
1.8_5_0939.jpg,Elliptical galaxy,0.0,1.8_5_0939.jpg,Elliptical galaxy,0.0
1.8_5_0940.jpg,Elliptical galaxy,0.0,1.8_5_0940.jpg,Elliptical galaxy,0.0
1.8_5_0941.jpg,Star,1.0,1.8_5_0941.jpg,Elliptical galaxy,0.0
1.8_5_0942.jpg,Anti-clockwise-S-wise spiral galaxy,4.0,1.8_5_0942.jpg,Elliptical galaxy,0.0
1.8_5_0943.jpg,Elliptical galaxy,0.0,1.8_5_0943.jpg,Elliptical galaxy,0.0
1.8_5_0944.jpg,Anti-clockwise-S-wise spiral galaxy,4.0,1.8_5_0944.jpg,Elliptical galaxy,0.0
1.8_5_0945.jpg,Elliptical galaxy,0.0,1.8_5_0945.jpg,Elliptical galaxy,0.0
1.8_5_0946.jpg,Don’t Know,5.0,1.8_5_0946.jpg,Elliptical galaxy,0.0
1.8_5_0947.jpg,Elliptical galaxy,0.0,1.8_5_0947.jpg,Elliptical galaxy,0.0
1.8_5_0948.jpg,Star,1.0,1.8_5_0948.jpg,Elliptical galaxy,0.0
1.8_5_0949.jpg,Don’t Know,5.0,1.8_5_0949.jpg,Don’t Know,5.0
1.8_5_0950.jpg,Don’t Know,5.0,1.8_5_0950.jpg,Don’t Know,5.0
1.8_5_0951.jpg,Don’t Know,5.0,1.8_5_0951.jpg,Don’t Know,5.0
1.8_5_0952.jpg,Don’t Know,5.0,1.8_5_0952.jpg,Don’t Know,5.0
1.8_5_0953.jpg,Star,1.0,1.8_5_0953.jpg,Star,1.0
1.8_5_0954.jpg,Elliptical galaxy,0.0,1.8_5_0954.jpg,Elliptical galaxy,0.0
1.8_5_0955.jpg,Elliptical galaxy,0.0,1.8_5_0955.jpg,Elliptical galaxy,0.0
1.8_5_0956.jpg,Don’t Know,5.0,1.8_5_0956.jpg,Don’t Know,5.0
1.8_5_0957.jpg,Elliptical galaxy,0.0,1.8_5_0957.jpg,Elliptical galaxy,0.0
1.8_5_0958.jpg,Elliptical galaxy,0.0,1.8_5_0958.jpg,Elliptical galaxy,0.0
1.8_5_0959.jpg,Elliptical galaxy,0.0,1.8_5_0959.jpg,Elliptical galaxy,0.0
1.8_5_0960.jpg,Else,6.0,1.8_5_0960.jpg,Star,1.0
1.8_5_0961.jpg,Elliptical galaxy,0.0,1.8_5_0961.jpg,Star,1.0
1.8_5_0962.jpg,Elliptical galaxy,0.0,1.8_5_0962.jpg,Don’t Know,5.0
1.8_5_0963.jpg,Clockwise-Z-wise spiral galaxy,2.0,1.8_5_0963.jpg,Clockwise-Z-wise spiral galaxy,2.0
1.8_5_0964.jpg,Star,1.0,1.8_5_0964.jpg,Don’t Know,5.0
1.8_5_0965.jpg,Clockwise-Z-wise spiral galaxy,2.0,1.8_5_0965.jpg,Clockwise-Z-wise spiral galaxy,2.0
1.8_5_0966.jpg,Don’t Know,5.0,1.8_5_0966.jpg,Don’t Know,5.0
1.8_5_0967.jpg,Elliptical galaxy,0.0,1.8_5_0967.jpg,Elliptical galaxy,0.0
1.8_5_0968.jpg,Elliptical galaxy,0.0,1.8_5_0968.jpg,Merger,3.0
1.8_5_0969.jpg,Clockwise-Z-wise spiral galaxy,2.0,1.8_5_0969.jpg,Don’t Know,5.0
1.8_5_0970.jpg,Clockwise-Z-wise spiral galaxy,2.0,1.8_5_0970.jpg,Clockwise-Z-wise spiral galaxy,2.0
1.8_5_0971.jpg,Elliptical galaxy,0.0,1.8_5_0971.jpg,Star,1.0
1.8_5_0972.jpg,Elliptical galaxy,0.0,1.8_5_0972.jpg,Don’t Know,5.0
1.8_5_0973.jpg,Star,1.0,1.8_5_0973.jpg,Star,1.0
1.8_5_0974.jpg,Don’t Know,5.0,1.8_5_0974.jpg,Don’t Know,5.0
1.8_5_0975.jpg,Elliptical galaxy,0.0,1.8_5_0975.jpg,Elliptical galaxy,0.0
1.8_5_0976.jpg,Elliptical galaxy,0.0,1.8_5_0976.jpg,Elliptical galaxy,0.0
1.8_5_0977.jpg,Elliptical galaxy,0.0,1.8_5_0977.jpg,Elliptical galaxy,0.0
1.8_5_0978.jpg,Elliptical galaxy,0.0,1.8_5_0978.jpg,Elliptical galaxy,0.0
1.8_5_0979.jpg,Elliptical galaxy,0.0,1.8_5_0979.jpg,Don’t Know,5.0
1.8_5_0980.jpg,Clockwise-Z-wise spiral galaxy,2.0,1.8_5_0980.jpg,Don’t Know,5.0
1.8_5_0981.jpg,Elliptical galaxy,0.0,1.8_5_0981.jpg,Elliptical galaxy,0.0
1.8_5_0982.jpg,Elliptical galaxy,0.0,1.8_5_0982.jpg,Elliptical galaxy,0.0
1.8_5_0983.jpg,Anti-clockwise-S-wise spiral galaxy,4.0,1.8_5_0983.jpg,Elliptical galaxy,0.0
1.8_5_0984.jpg,Elliptical galaxy,0.0,1.8_5_0984.jpg,Don’t Know,5.0
1.8_5_0985.jpg,Star,1.0,1.8_5_0985.jpg,Merger,3.0
1.8_5_0986.jpg,Elliptical galaxy,0.0,1.8_5_0986.jpg,Elliptical galaxy,0.0
1.8_5_0987.jpg,Elliptical galaxy,0.0,1.8_5_0987.jpg,Don’t Know,5.0
1.8_5_0988.jpg,Anti-clockwise-S-wise spiral galaxy,4.0,1.8_5_0988.jpg,Else,6.0
1.8_5_0989.jpg,Elliptical galaxy,0.0,1.8_5_0989.jpg,Don’t Know,5.0
1.8_5_0990.jpg,Don’t Know,5.0,1.8_5_0990.jpg,Don’t Know,5.0
1.8_5_0991.jpg,Clockwise-Z-wise spiral galaxy,2.0,1.8_5_0991.jpg,Clockwise-Z-wise spiral galaxy,2.0
1.8_5_0992.jpg,Elliptical galaxy,0.0,1.8_5_0992.jpg,Clockwise-Z-wise spiral galaxy,2.0
1.8_5_0993.jpg,Elliptical galaxy,0.0,1.8_5_0993.jpg,Elliptical galaxy,0.0
1.8_5_0994.jpg,Elliptical galaxy,0.0,1.8_5_0994.jpg,Elliptical galaxy,0.0
1.8_5_0995.jpg,Elliptical galaxy,0.0,1.8_5_0995.jpg,Elliptical galaxy,0.0
1.8_5_0996.jpg,Star,1.0,1.8_5_0996.jpg,Elliptical galaxy,0.0
1.8_5_0997.jpg,Anti-clockwise-S-wise spiral galaxy,4.0,1.8_5_0997.jpg,Anti-clockwise-S-wise spiral galaxy,4.0
1.8_5_0998.jpg,Elliptical galaxy,0.0,1.8_5_0998.jpg,Elliptical galaxy,0.0
1.8_5_0999.jpg,Star,1.0,1.8_5_0999.jpg,Elliptical galaxy,0.0
1.8_10_btoc_0500.jpg,Else,6.0,1.8_10_btoc_0500.jpg,Elliptical galaxy,0.0
1.8_10_btoc_0501.jpg,Star,1.0,1.8_10_btoc_0501.jpg,Elliptical galaxy,0.0
1.8_10_btoc_0502.jpg,Elliptical galaxy,0.0,1.8_10_btoc_0502.jpg,Elliptical galaxy,0.0
1.8_10_btoc_0503.jpg,Star,1.0,1.8_10_btoc_0503.jpg,Elliptical galaxy,0.0
1.8_10_btoc_0504.jpg,Else,6.0,1.8_10_btoc_0504.jpg,Elliptical galaxy,0.0
1.8_10_btoc_0505.jpg,Clockwise-Z-wise spiral galaxy,2.0,1.8_10_btoc_0505.jpg,Elliptical galaxy,0.0
1.8_10_btoc_0506.jpg,Else,6.0,1.8_10_btoc_0506.jpg,Elliptical galaxy,0.0
1.8_10_btoc_0507.jpg,Else,6.0,1.8_10_btoc_0507.jpg,Elliptical galaxy,0.0
1.8_10_btoc_0508.jpg,Else,6.0,1.8_10_btoc_0508.jpg,Elliptical galaxy,0.0
1.8_10_btoc_0509.jpg,Elliptical galaxy,0.0,1.8_10_btoc_0509.jpg,Elliptical galaxy,0.0
1.8_10_btoc_0510.jpg,Clockwise-Z-wise spiral galaxy,2.0,1.8_10_btoc_0510.jpg,Elliptical galaxy,0.0
1.8_10_btoc_0511.jpg,Elliptical galaxy,0.0,1.8_10_btoc_0511.jpg,Elliptical galaxy,0.0
1.8_10_btoc_0512.jpg,Else,6.0,1.8_10_btoc_0512.jpg,Elliptical galaxy,0.0
1.8_10_btoc_0513.jpg,Elliptical galaxy,0.0,1.8_10_btoc_0513.jpg,Elliptical galaxy,0.0
1.8_10_btoc_0514.jpg,Don’t Know,5.0,1.8_10_btoc_0514.jpg,Elliptical galaxy,0.0
1.8_10_btoc_0515.jpg,Don’t Know,5.0,1.8_10_btoc_0515.jpg,Elliptical galaxy,0.0
1.8_10_btoc_0516.jpg,Star,1.0,1.8_10_btoc_0516.jpg,Elliptical galaxy,0.0
1.8_10_btoc_0517.jpg,Else,6.0,1.8_10_btoc_0517.jpg,Elliptical galaxy,0.0
1.8_10_btoc_0518.jpg,Star,1.0,1.8_10_btoc_0518.jpg,Elliptical galaxy,0.0
1.8_10_btoc_0519.jpg,Star,1.0,1.8_10_btoc_0519.jpg,Elliptical galaxy,0.0
1.8_10_btoc_0520.jpg,Elliptical galaxy,0.0,1.8_10_btoc_0520.jpg,Elliptical galaxy,0.0
1.8_10_btoc_0521.jpg,Else,6.0,1.8_10_btoc_0521.jpg,Elliptical galaxy,0.0
1.8_10_btoc_0522.jpg,Don’t Know,5.0,1.8_10_btoc_0522.jpg,Elliptical galaxy,0.0
1.8_10_btoc_0523.jpg,Clockwise-Z-wise spiral galaxy,2.0,1.8_10_btoc_0523.jpg,Elliptical galaxy,0.0
1.8_10_btoc_0524.jpg,Merger,3.0,1.8_10_btoc_0524.jpg,Elliptical galaxy,0.0
1.8_10_btoc_0525.jpg,Else,6.0,1.8_10_btoc_0525.jpg,Elliptical galaxy,0.0
1.8_10_btoc_0526.jpg,Elliptical galaxy,0.0,1.8_10_btoc_0526.jpg,Elliptical galaxy,0.0
1.8_10_btoc_0527.jpg,Elliptical galaxy,0.0,1.8_10_btoc_0527.jpg,Elliptical galaxy,0.0
1.8_10_btoc_0528.jpg,Merger,3.0,1.8_10_btoc_0528.jpg,Elliptical galaxy,0.0
1.8_10_btoc_0529.jpg,Else,6.0,1.8_10_btoc_0529.jpg,Elliptical galaxy,0.0
1.8_10_btoc_0530.jpg,Anti-clockwise-S-wise spiral galaxy,4.0,1.8_10_btoc_0530.jpg,Elliptical galaxy,0.0
1.8_10_btoc_0531.jpg,Elliptical galaxy,0.0,1.8_10_btoc_0531.jpg,Elliptical galaxy,0.0
1.8_10_btoc_0532.jpg,Anti-clockwise-S-wise spiral galaxy,4.0,1.8_10_btoc_0532.jpg,Elliptical galaxy,0.0
1.8_10_btoc_0533.jpg,Star,1.0,1.8_10_btoc_0533.jpg,Elliptical galaxy,0.0
1.8_10_btoc_0534.jpg,Else,6.0,1.8_10_btoc_0534.jpg,Elliptical galaxy,0.0
1.8_10_btoc_0535.jpg,Star,1.0,1.8_10_btoc_0535.jpg,Elliptical galaxy,0.0
1.8_10_btoc_0536.jpg,Elliptical galaxy,0.0,1.8_10_btoc_0536.jpg,Elliptical galaxy,0.0
1.8_10_btoc_0537.jpg,Else,6.0,1.8_10_btoc_0537.jpg,Elliptical galaxy,0.0
1.8_10_btoc_0538.jpg,Merger,3.0,1.8_10_btoc_0538.jpg,Elliptical galaxy,0.0
1.8_10_btoc_0539.jpg,Don’t Know,5.0,1.8_10_btoc_0539.jpg,Elliptical galaxy,0.0
1.8_10_btoc_0540.jpg,Don’t Know,5.0,1.8_10_btoc_0540.jpg,Elliptical galaxy,0.0
1.8_10_btoc_0541.jpg,Clockwise-Z-wise spiral galaxy,2.0,1.8_10_btoc_0541.jpg,Elliptical galaxy,0.0
1.8_10_btoc_0542.jpg,Merger,3.0,1.8_10_btoc_0542.jpg,Elliptical galaxy,0.0
1.8_10_btoc_0543.jpg,Elliptical galaxy,0.0,1.8_10_btoc_0543.jpg,Elliptical galaxy,0.0
1.8_10_btoc_0544.jpg,Else,6.0,1.8_10_btoc_0544.jpg,Elliptical galaxy,0.0
1.8_10_btoc_0545.jpg,Else,6.0,1.8_10_btoc_0545.jpg,Elliptical galaxy,0.0
1.8_10_btoc_0546.jpg,Anti-clockwise-S-wise spiral galaxy,4.0,1.8_10_btoc_0546.jpg,Elliptical galaxy,0.0
1.8_10_btoc_0547.jpg,Else,6.0,1.8_10_btoc_0547.jpg,Elliptical galaxy,0.0
1.8_10_btoc_0548.jpg,Else,6.0,1.8_10_btoc_0548.jpg,Elliptical galaxy,0.0
1.8_10_btoc_0549.jpg,Star,1.0,1.8_10_btoc_0549.jpg,Elliptical galaxy,0.0
1.8_10_btoc_0550.jpg,Star,1.0,1.8_10_btoc_0550.jpg,Elliptical galaxy,0.0
1.8_10_btoc_0551.jpg,Clockwise-Z-wise spiral galaxy,2.0,1.8_10_btoc_0551.jpg,Elliptical galaxy,0.0
1.8_10_btoc_0552.jpg,Elliptical galaxy,0.0,1.8_10_btoc_0552.jpg,Elliptical galaxy,0.0
1.8_10_btoc_0553.jpg,Else,6.0,1.8_10_btoc_0553.jpg,Elliptical galaxy,0.0
1.8_10_btoc_0554.jpg,Else,6.0,1.8_10_btoc_0554.jpg,Elliptical galaxy,0.0
1.8_10_btoc_0555.jpg,Merger,3.0,1.8_10_btoc_0555.jpg,Elliptical galaxy,0.0
1.8_10_btoc_0556.jpg,Star,1.0,1.8_10_btoc_0556.jpg,Elliptical galaxy,0.0
1.8_10_btoc_0557.jpg,Else,6.0,1.8_10_btoc_0557.jpg,Elliptical galaxy,0.0
1.8_10_btoc_0558.jpg,Else,6.0,1.8_10_btoc_0558.jpg,Elliptical galaxy,0.0
1.8_10_btoc_0559.jpg,Else,6.0,1.8_10_btoc_0559.jpg,Elliptical galaxy,0.0
1.8_10_btoc_0560.jpg,Else,6.0,1.8_10_btoc_0560.jpg,Elliptical galaxy,0.0
1.8_10_btoc_0561.jpg,Elliptical galaxy,0.0,1.8_10_btoc_0561.jpg,Elliptical galaxy,0.0
1.8_10_btoc_0562.jpg,Elliptical galaxy,0.0,1.8_10_btoc_0562.jpg,Elliptical galaxy,0.0
1.8_10_btoc_0563.jpg,Elliptical galaxy,0.0,1.8_10_btoc_0563.jpg,Elliptical galaxy,0.0
1.8_10_btoc_0564.jpg,Elliptical galaxy,0.0,1.8_10_btoc_0564.jpg,Elliptical galaxy,0.0
1.8_10_btoc_0565.jpg,Clockwise-Z-wise spiral galaxy,2.0,1.8_10_btoc_0565.jpg,Elliptical galaxy,0.0
1.8_10_btoc_0566.jpg,Else,6.0,1.8_10_btoc_0566.jpg,Elliptical galaxy,0.0
1.8_10_btoc_0567.jpg,Else,6.0,1.8_10_btoc_0567.jpg,Elliptical galaxy,0.0
1.8_10_btoc_0568.jpg,Else,6.0,1.8_10_btoc_0568.jpg,Elliptical galaxy,0.0
1.8_10_btoc_0569.jpg,Elliptical galaxy,0.0,1.8_10_btoc_0569.jpg,Elliptical galaxy,0.0
1.8_10_btoc_0570.jpg,Star,1.0,1.8_10_btoc_0570.jpg,Elliptical galaxy,0.0
1.8_10_btoc_0571.jpg,Anti-clockwise-S-wise spiral galaxy,4.0,1.8_10_btoc_0571.jpg,Elliptical galaxy,0.0
1.8_10_btoc_0572.jpg,Elliptical galaxy,0.0,1.8_10_btoc_0572.jpg,Elliptical galaxy,0.0
1.8_10_btoc_0573.jpg,Star,1.0,1.8_10_btoc_0573.jpg,Elliptical galaxy,0.0
1.8_10_btoc_0574.jpg,Elliptical galaxy,0.0,1.8_10_btoc_0574.jpg,Elliptical galaxy,0.0
1.8_10_btoc_0575.jpg,Elliptical galaxy,0.0,1.8_10_btoc_0575.jpg,Elliptical galaxy,0.0
1.8_10_btoc_0576.jpg,Else,6.0,1.8_10_btoc_0576.jpg,Elliptical galaxy,0.0
1.8_10_btoc_0577.jpg,Elliptical galaxy,0.0,1.8_10_btoc_0577.jpg,Elliptical galaxy,0.0
1.8_10_btoc_0578.jpg,Clockwise-Z-wise spiral galaxy,2.0,1.8_10_btoc_0578.jpg,Don’t Know,5.0
1.8_10_btoc_0579.jpg,Clockwise-Z-wise spiral galaxy,2.0,1.8_10_btoc_0579.jpg,Anti-clockwise-S-wise spiral galaxy,4.0
1.8_10_btoc_0580.jpg,Merger,3.0,1.8_10_btoc_0580.jpg,Don’t Know,5.0
1.8_10_btoc_0581.jpg,Merger,3.0,1.8_10_btoc_0581.jpg,Merger,3.0
1.8_10_btoc_0582.jpg,Elliptical galaxy,0.0,1.8_10_btoc_0582.jpg,Elliptical galaxy,0.0
1.8_10_btoc_0583.jpg,Elliptical galaxy,0.0,1.8_10_btoc_0583.jpg,Elliptical galaxy,0.0
1.8_10_btoc_0584.jpg,Elliptical galaxy,0.0,1.8_10_btoc_0584.jpg,Elliptical galaxy,0.0
1.8_10_btoc_0585.jpg,Elliptical galaxy,0.0,1.8_10_btoc_0585.jpg,Elliptical galaxy,0.0
1.8_10_btoc_0586.jpg,Elliptical galaxy,0.0,1.8_10_btoc_0586.jpg,Elliptical galaxy,0.0
1.8_10_btoc_0587.jpg,Star,1.0,1.8_10_btoc_0587.jpg,Elliptical galaxy,0.0
1.8_10_btoc_0588.jpg,Star,1.0,1.8_10_btoc_0588.jpg,Elliptical galaxy,0.0
1.8_10_btoc_0589.jpg,Star,1.0,1.8_10_btoc_0589.jpg,Elliptical galaxy,0.0
1.8_10_btoc_0590.jpg,Elliptical galaxy,0.0,1.8_10_btoc_0590.jpg,Elliptical galaxy,0.0
1.8_10_btoc_0591.jpg,Else,6.0,1.8_10_btoc_0591.jpg,Elliptical galaxy,0.0
1.8_10_btoc_0592.jpg,Else,6.0,1.8_10_btoc_0592.jpg,Elliptical galaxy,0.0
1.8_10_btoc_0593.jpg,Else,6.0,1.8_10_btoc_0593.jpg,Elliptical galaxy,0.0
1.8_10_btoc_0594.jpg,Anti-clockwise-S-wise spiral galaxy,4.0,1.8_10_btoc_0594.jpg,Elliptical galaxy,0.0
1.8_10_btoc_0595.jpg,Elliptical galaxy,0.0,1.8_10_btoc_0595.jpg,Elliptical galaxy,0.0
1.8_10_btoc_0596.jpg,Elliptical galaxy,0.0,1.8_10_btoc_0596.jpg,Elliptical galaxy,0.0
1.8_10_btoc_0597.jpg,Elliptical galaxy,0.0,1.8_10_btoc_0597.jpg,Elliptical galaxy,0.0
1.8_10_btoc_0598.jpg,Elliptical galaxy,0.0,1.8_10_btoc_0598.jpg,Elliptical galaxy,0.0
1.8_10_btoc_0599.jpg,Else,6.0,1.8_10_btoc_0599.jpg,Elliptical galaxy,0.0
1.8_10_btoc_0600.jpg,Else,6.0,1.8_10_btoc_0600.jpg,Elliptical galaxy,0.0
1.8_10_btoc_0601.jpg,Else,6.0,1.8_10_btoc_0601.jpg,Elliptical galaxy,0.0
1.8_10_btoc_0602.jpg,Else,6.0,1.8_10_btoc_0602.jpg,Elliptical galaxy,0.0
1.8_10_btoc_0603.jpg,Anti-clockwise-S-wise spiral galaxy,4.0,1.8_10_btoc_0603.jpg,Elliptical galaxy,0.0
1.8_10_btoc_0604.jpg,Elliptical galaxy,0.0,1.8_10_btoc_0604.jpg,Elliptical galaxy,0.0
1.8_10_btoc_0605.jpg,Else,6.0,1.8_10_btoc_0605.jpg,Elliptical galaxy,0.0
1.8_10_btoc_0606.jpg,Elliptical galaxy,0.0,1.8_10_btoc_0606.jpg,Elliptical galaxy,0.0
1.8_10_btoc_0607.jpg,Else,6.0,1.8_10_btoc_0607.jpg,Elliptical galaxy,0.0
1.8_10_btoc_0608.jpg,Else,6.0,1.8_10_btoc_0608.jpg,Elliptical galaxy,0.0
1.8_10_btoc_0609.jpg,Elliptical galaxy,0.0,1.8_10_btoc_0609.jpg,Elliptical galaxy,0.0
1.8_10_btoc_0610.jpg,Elliptical galaxy,0.0,1.8_10_btoc_0610.jpg,Elliptical galaxy,0.0
1.8_10_btoc_0611.jpg,Else,6.0,1.8_10_btoc_0611.jpg,Elliptical galaxy,0.0
1.8_10_btoc_0612.jpg,Else,6.0,1.8_10_btoc_0612.jpg,Elliptical galaxy,0.0
1.8_10_btoc_0613.jpg,Else,6.0,1.8_10_btoc_0613.jpg,Elliptical galaxy,0.0
1.8_10_btoc_0614.jpg,Anti-clockwise-S-wise spiral galaxy,4.0,1.8_10_btoc_0614.jpg,Elliptical galaxy,0.0
1.8_10_btoc_0615.jpg,Anti-clockwise-S-wise spiral galaxy,4.0,1.8_10_btoc_0615.jpg,Elliptical galaxy,0.0
1.8_10_btoc_0616.jpg,Elliptical galaxy,0.0,1.8_10_btoc_0616.jpg,Elliptical galaxy,0.0
1.8_10_btoc_0617.jpg,Elliptical galaxy,0.0,1.8_10_btoc_0617.jpg,Elliptical galaxy,0.0
1.8_10_btoc_0618.jpg,Else,6.0,1.8_10_btoc_0618.jpg,Elliptical galaxy,0.0
1.8_10_btoc_0619.jpg,Elliptical galaxy,0.0,1.8_10_btoc_0619.jpg,Elliptical galaxy,0.0
1.8_10_btoc_0620.jpg,Else,6.0,1.8_10_btoc_0620.jpg,Elliptical galaxy,0.0
1.8_10_btoc_0621.jpg,Else,6.0,1.8_10_btoc_0621.jpg,Elliptical galaxy,0.0
1.8_10_btoc_0622.jpg,Elliptical galaxy,0.0,1.8_10_btoc_0622.jpg,Elliptical galaxy,0.0
1.8_10_btoc_0623.jpg,Elliptical galaxy,0.0,1.8_10_btoc_0623.jpg,Elliptical galaxy,0.0
1.8_10_btoc_0624.jpg,Else,6.0,1.8_10_btoc_0624.jpg,Don’t Know,5.0
1.8_10_btoc_0625.jpg,Elliptical galaxy,0.0,1.8_10_btoc_0625.jpg,Don’t Know,5.0
1.8_10_btoc_0626.jpg,Don’t Know,5.0,1.8_10_btoc_0626.jpg,Don’t Know,5.0
1.8_10_btoc_0627.jpg,Merger,3.0,1.8_10_btoc_0627.jpg,Elliptical galaxy,0.0
1.8_10_btoc_0628.jpg,Elliptical galaxy,0.0,1.8_10_btoc_0628.jpg,Elliptical galaxy,0.0
1.8_10_btoc_0629.jpg,Else,6.0,1.8_10_btoc_0629.jpg,Don’t Know,5.0
1.8_10_btoc_0630.jpg,Else,6.0,1.8_10_btoc_0630.jpg,Don’t Know,5.0
1.8_10_btoc_0631.jpg,Elliptical galaxy,0.0,1.8_10_btoc_0631.jpg,Elliptical galaxy,0.0
1.8_10_btoc_0632.jpg,Elliptical galaxy,0.0,1.8_10_btoc_0632.jpg,Elliptical galaxy,0.0
1.8_10_btoc_0633.jpg,Elliptical galaxy,0.0,1.8_10_btoc_0633.jpg,Elliptical galaxy,0.0
1.8_10_btoc_0634.jpg,Else,6.0,1.8_10_btoc_0634.jpg,Don’t Know,5.0
1.8_10_btoc_0635.jpg,Else,6.0,1.8_10_btoc_0635.jpg,Don’t Know,5.0
1.8_10_btoc_0636.jpg,Merger,3.0,1.8_10_btoc_0636.jpg,Merger,3.0
1.8_10_btoc_0637.jpg,Else,6.0,1.8_10_btoc_0637.jpg,Don’t Know,5.0
1.8_10_btoc_0638.jpg,Else,6.0,1.8_10_btoc_0638.jpg,Elliptical galaxy,0.0
1.8_10_btoc_0639.jpg,Clockwise-Z-wise spiral galaxy,2.0,1.8_10_btoc_0639.jpg,Elliptical galaxy,0.0
1.8_10_btoc_0640.jpg,Merger,3.0,1.8_10_btoc_0640.jpg,Merger,3.0
1.8_10_btoc_0641.jpg,Elliptical galaxy,0.0,1.8_10_btoc_0641.jpg,Elliptical galaxy,0.0
1.8_10_btoc_0642.jpg,Clockwise-Z-wise spiral galaxy,2.0,1.8_10_btoc_0642.jpg,Elliptical galaxy,0.0
1.8_10_btoc_0643.jpg,Elliptical galaxy,0.0,1.8_10_btoc_0643.jpg,Elliptical galaxy,0.0
1.8_10_btoc_0644.jpg,Elliptical galaxy,0.0,1.8_10_btoc_0644.jpg,Don’t Know,5.0
1.8_10_btoc_0645.jpg,Elliptical galaxy,0.0,1.8_10_btoc_0645.jpg,Elliptical galaxy,0.0
1.8_10_btoc_0646.jpg,Elliptical galaxy,0.0,1.8_10_btoc_0646.jpg,Elliptical galaxy,0.0
1.8_10_btoc_0647.jpg,Elliptical galaxy,0.0,1.8_10_btoc_0647.jpg,Elliptical galaxy,0.0
1.8_10_btoc_0648.jpg,Clockwise-Z-wise spiral galaxy,2.0,1.8_10_btoc_0648.jpg,Elliptical galaxy,0.0
1.8_10_btoc_0649.jpg,Else,6.0,1.8_10_btoc_0649.jpg,Elliptical galaxy,0.0
1.8_10_btoc_0650.jpg,Elliptical galaxy,0.0,1.8_10_btoc_0650.jpg,Elliptical galaxy,0.0
1.8_10_btoc_0651.jpg,Elliptical galaxy,0.0,1.8_10_btoc_0651.jpg,Elliptical galaxy,0.0
1.8_10_btoc_0652.jpg,Elliptical galaxy,0.0,1.8_10_btoc_0652.jpg,Elliptical galaxy,0.0
1.8_10_btoc_0653.jpg,Else,6.0,1.8_10_btoc_0653.jpg,Elliptical galaxy,0.0
1.8_10_btoc_0654.jpg,Elliptical galaxy,0.0,1.8_10_btoc_0654.jpg,Elliptical galaxy,0.0
1.8_10_btoc_0655.jpg,Else,6.0,1.8_10_btoc_0655.jpg,Elliptical galaxy,0.0
1.8_10_btoc_0656.jpg,Elliptical galaxy,0.0,1.8_10_btoc_0656.jpg,Elliptical galaxy,0.0
1.8_10_btoc_0657.jpg,Don’t Know,5.0,1.8_10_btoc_0657.jpg,Elliptical galaxy,0.0
1.8_10_btoc_0658.jpg,Don’t Know,5.0,1.8_10_btoc_0658.jpg,Elliptical galaxy,0.0
1.8_10_btoc_0659.jpg,Don’t Know,5.0,1.8_10_btoc_0659.jpg,Elliptical galaxy,0.0
1.8_10_btoc_0660.jpg,Don’t Know,5.0,1.8_10_btoc_0660.jpg,Elliptical galaxy,0.0
1.8_10_btoc_0661.jpg,Else,6.0,1.8_10_btoc_0661.jpg,Elliptical galaxy,0.0
1.8_10_btoc_0662.jpg,Else,6.0,1.8_10_btoc_0662.jpg,Elliptical galaxy,0.0
1.8_10_btoc_0663.jpg,Star,1.0,1.8_10_btoc_0663.jpg,Elliptical galaxy,0.0
1.8_10_btoc_0664.jpg,Elliptical galaxy,0.0,1.8_10_btoc_0664.jpg,Elliptical galaxy,0.0
1.8_10_btoc_0665.jpg,Else,6.0,1.8_10_btoc_0665.jpg,Elliptical galaxy,0.0
1.8_10_btoc_0666.jpg,Merger,3.0,1.8_10_btoc_0666.jpg,Elliptical galaxy,0.0
1.8_10_btoc_0667.jpg,Anti-clockwise-S-wise spiral galaxy,4.0,1.8_10_btoc_0667.jpg,Elliptical galaxy,0.0
1.8_10_btoc_0668.jpg,Elliptical galaxy,0.0,1.8_10_btoc_0668.jpg,Elliptical galaxy,0.0
1.8_10_btoc_0669.jpg,Elliptical galaxy,0.0,1.8_10_btoc_0669.jpg,Elliptical galaxy,0.0
1.8_10_btoc_0670.jpg,Elliptical galaxy,0.0,1.8_10_btoc_0670.jpg,Elliptical galaxy,0.0
1.8_10_btoc_0671.jpg,Elliptical galaxy,0.0,1.8_10_btoc_0671.jpg,Elliptical galaxy,0.0
1.8_10_btoc_0672.jpg,Elliptical galaxy,0.0,1.8_10_btoc_0672.jpg,Elliptical galaxy,0.0
1.8_10_btoc_0673.jpg,Don’t Know,5.0,1.8_10_btoc_0673.jpg,Elliptical galaxy,0.0
1.8_10_btoc_0674.jpg,Don’t Know,5.0,1.8_10_btoc_0674.jpg,Elliptical galaxy,0.0
1.8_10_btoc_0675.jpg,Don’t Know,5.0,1.8_10_btoc_0675.jpg,Elliptical galaxy,0.0
1.8_10_btoc_0676.jpg,Don’t Know,5.0,1.8_10_btoc_0676.jpg,Elliptical galaxy,0.0
1.8_10_btoc_0677.jpg,Elliptical galaxy,0.0,1.8_10_btoc_0677.jpg,Elliptical galaxy,0.0
1.8_10_btoc_0678.jpg,Elliptical galaxy,0.0,1.8_10_btoc_0678.jpg,Elliptical galaxy,0.0
1.8_10_btoc_0679.jpg,Clockwise-Z-wise spiral galaxy,2.0,1.8_10_btoc_0679.jpg,Elliptical galaxy,0.0
1.8_10_btoc_0680.jpg,Clockwise-Z-wise spiral galaxy,2.0,1.8_10_btoc_0680.jpg,Elliptical galaxy,0.0
1.8_10_btoc_0681.jpg,Clockwise-Z-wise spiral galaxy,2.0,1.8_10_btoc_0681.jpg,Elliptical galaxy,0.0
1.8_10_btoc_0682.jpg,Elliptical galaxy,0.0,1.8_10_btoc_0682.jpg,Elliptical galaxy,0.0
1.8_10_btoc_0683.jpg,Else,6.0,1.8_10_btoc_0683.jpg,Don’t Know,5.0
1.8_10_btoc_0684.jpg,Star,1.0,1.8_10_btoc_0684.jpg,Elliptical galaxy,0.0
1.8_10_btoc_0685.jpg,Else,6.0,1.8_10_btoc_0685.jpg,Don’t Know,5.0
1.8_10_btoc_0686.jpg,Elliptical galaxy,0.0,1.8_10_btoc_0686.jpg,Don’t Know,5.0
1.8_10_btoc_0687.jpg,Elliptical galaxy,0.0,1.8_10_btoc_0687.jpg,Don’t Know,5.0
1.8_10_btoc_0688.jpg,Star,1.0,1.8_10_btoc_0688.jpg,Don’t Know,5.0
1.8_10_btoc_0689.jpg,Elliptical galaxy,0.0,1.8_10_btoc_0689.jpg,Don’t Know,5.0
1.8_10_btoc_0690.jpg,Elliptical galaxy,0.0,1.8_10_btoc_0690.jpg,Don’t Know,5.0
1.8_10_btoc_0691.jpg,Elliptical galaxy,0.0,1.8_10_btoc_0691.jpg,Don’t Know,5.0
1.8_10_btoc_0692.jpg,Elliptical galaxy,0.0,1.8_10_btoc_0692.jpg,Elliptical galaxy,0.0
1.8_10_btoc_0693.jpg,Star,1.0,1.8_10_btoc_0693.jpg,Elliptical galaxy,0.0
1.8_10_btoc_0694.jpg,Elliptical galaxy,0.0,1.8_10_btoc_0694.jpg,Don’t Know,5.0
1.8_10_btoc_0695.jpg,Elliptical galaxy,0.0,1.8_10_btoc_0695.jpg,Anti-clockwise-S-wise spiral galaxy,4.0
1.8_10_btoc_0696.jpg,Else,6.0,1.8_10_btoc_0696.jpg,Don’t Know,5.0
1.8_10_btoc_0697.jpg,Elliptical galaxy,0.0,1.8_10_btoc_0697.jpg,Elliptical galaxy,0.0
1.8_10_btoc_0698.jpg,Elliptical galaxy,0.0,1.8_10_btoc_0698.jpg,Elliptical galaxy,0.0
1.8_10_btoc_0699.jpg,Else,6.0,1.8_10_btoc_0699.jpg,Don’t Know,5.0
1.8_10_btoc_0700.jpg,Star,1.0,1.8_10_btoc_0700.jpg,Don’t Know,5.0
1.8_10_btoc_0701.jpg,Elliptical galaxy,0.0,1.8_10_btoc_0701.jpg,Don’t Know,5.0
1.8_10_btoc_0702.jpg,Elliptical galaxy,0.0,1.8_10_btoc_0702.jpg,Elliptical galaxy,0.0
1.8_10_btoc_0703.jpg,Elliptical galaxy,0.0,1.8_10_btoc_0703.jpg,Elliptical galaxy,0.0
1.8_10_btoc_0704.jpg,Elliptical galaxy,0.0,1.8_10_btoc_0704.jpg,Elliptical galaxy,0.0
1.8_10_btoc_0705.jpg,Anti-clockwise-S-wise spiral galaxy,4.0,1.8_10_btoc_0705.jpg,Elliptical galaxy,0.0
1.8_10_btoc_0706.jpg,Star,1.0,1.8_10_btoc_0706.jpg,Elliptical galaxy,0.0
1.8_10_btoc_0707.jpg,Star,1.0,1.8_10_btoc_0707.jpg,Elliptical galaxy,0.0
1.8_10_btoc_0708.jpg,Elliptical galaxy,0.0,1.8_10_btoc_0708.jpg,Elliptical galaxy,0.0
1.8_10_btoc_0709.jpg,Star,1.0,1.8_10_btoc_0709.jpg,Don’t Know,5.0
1.8_10_btoc_0710.jpg,Else,6.0,1.8_10_btoc_0710.jpg,Don’t Know,5.0
1.8_10_btoc_0711.jpg,Star,1.0,1.8_10_btoc_0711.jpg,Don’t Know,5.0
1.8_10_btoc_0712.jpg,Elliptical galaxy,0.0,1.8_10_btoc_0712.jpg,Elliptical galaxy,0.0
1.8_10_btoc_0713.jpg,Star,1.0,1.8_10_btoc_0713.jpg,Elliptical galaxy,0.0
1.8_10_btoc_0714.jpg,Elliptical galaxy,0.0,1.8_10_btoc_0714.jpg,Elliptical galaxy,0.0
1.8_10_btoc_0715.jpg,Clockwise-Z-wise spiral galaxy,2.0,1.8_10_btoc_0715.jpg,Elliptical galaxy,0.0
1.8_10_btoc_0716.jpg,Elliptical galaxy,0.0,1.8_10_btoc_0716.jpg,Elliptical galaxy,0.0
1.8_10_btoc_0717.jpg,Else,6.0,1.8_10_btoc_0717.jpg,Elliptical galaxy,0.0
1.8_10_btoc_0718.jpg,Star,1.0,1.8_10_btoc_0718.jpg,Elliptical galaxy,0.0
1.8_10_btoc_0719.jpg,Anti-clockwise-S-wise spiral galaxy,4.0,1.8_10_btoc_0719.jpg,Elliptical galaxy,0.0
1.8_10_btoc_0720.jpg,Star,1.0,1.8_10_btoc_0720.jpg,Elliptical galaxy,0.0
1.8_10_btoc_0721.jpg,Else,6.0,1.8_10_btoc_0721.jpg,Elliptical galaxy,0.0
1.8_10_btoc_0722.jpg,Clockwise-Z-wise spiral galaxy,2.0,1.8_10_btoc_0722.jpg,Elliptical galaxy,0.0
1.8_10_btoc_0723.jpg,Elliptical galaxy,0.0,1.8_10_btoc_0723.jpg,Elliptical galaxy,0.0
1.8_10_btoc_0724.jpg,Else,6.0,1.8_10_btoc_0724.jpg,Elliptical galaxy,0.0
1.8_10_btoc_0725.jpg,Merger,3.0,1.8_10_btoc_0725.jpg,Elliptical galaxy,0.0
1.8_10_btoc_0726.jpg,Elliptical galaxy,0.0,1.8_10_btoc_0726.jpg,Elliptical galaxy,0.0
1.8_10_btoc_0727.jpg,Elliptical galaxy,0.0,1.8_10_btoc_0727.jpg,Elliptical galaxy,0.0
1.8_10_btoc_0728.jpg,Clockwise-Z-wise spiral galaxy,2.0,1.8_10_btoc_0728.jpg,Elliptical galaxy,0.0
1.8_10_btoc_0729.jpg,Star,1.0,1.8_10_btoc_0729.jpg,Elliptical galaxy,0.0
1.8_10_btoc_0730.jpg,Anti-clockwise-S-wise spiral galaxy,4.0,1.8_10_btoc_0730.jpg,Elliptical galaxy,0.0
1.8_10_btoc_0731.jpg,Elliptical galaxy,0.0,1.8_10_btoc_0731.jpg,Elliptical galaxy,0.0
1.8_10_btoc_0732.jpg,Elliptical galaxy,0.0,1.8_10_btoc_0732.jpg,Elliptical galaxy,0.0
1.8_10_btoc_0733.jpg,Elliptical galaxy,0.0,1.8_10_btoc_0733.jpg,Elliptical galaxy,0.0
1.8_10_btoc_0734.jpg,Else,6.0,1.8_10_btoc_0734.jpg,Elliptical galaxy,0.0
1.8_10_btoc_0735.jpg,Elliptical galaxy,0.0,1.8_10_btoc_0735.jpg,Elliptical galaxy,0.0
1.8_10_btoc_0736.jpg,Elliptical galaxy,0.0,1.8_10_btoc_0736.jpg,Elliptical galaxy,0.0
1.8_10_btoc_0737.jpg,Star,1.0,1.8_10_btoc_0737.jpg,Elliptical galaxy,0.0
1.8_10_btoc_0738.jpg,Star,1.0,1.8_10_btoc_0738.jpg,Elliptical galaxy,0.0
1.8_10_btoc_0739.jpg,Elliptical galaxy,0.0,1.8_10_btoc_0739.jpg,Elliptical galaxy,0.0
1.8_10_btoc_0740.jpg,Elliptical galaxy,0.0,1.8_10_btoc_0740.jpg,Elliptical galaxy,0.0
1.8_10_btoc_0741.jpg,Star,1.0,1.8_10_btoc_0741.jpg,Elliptical galaxy,0.0
1.8_10_btoc_0742.jpg,Else,6.0,1.8_10_btoc_0742.jpg,Elliptical galaxy,0.0
1.8_10_btoc_0743.jpg,Else,6.0,1.8_10_btoc_0743.jpg,Elliptical galaxy,0.0
1.8_10_btoc_0744.jpg,Else,6.0,1.8_10_btoc_0744.jpg,Elliptical galaxy,0.0
1.8_10_btoc_0745.jpg,Elliptical galaxy,0.0,1.8_10_btoc_0745.jpg,Elliptical galaxy,0.0
1.8_10_btoc_0746.jpg,Clockwise-Z-wise spiral galaxy,2.0,1.8_10_btoc_0746.jpg,Elliptical galaxy,0.0
1.8_10_btoc_0747.jpg,Don’t Know,5.0,1.8_10_btoc_0747.jpg,Elliptical galaxy,0.0
1.8_10_btoc_0748.jpg,Merger,3.0,1.8_10_btoc_0748.jpg,Elliptical galaxy,0.0
1.8_10_btoc_0749.jpg,Star,1.0,1.8_10_btoc_0749.jpg,Elliptical galaxy,0.0
1.8_10_btoc_0750.jpg,Star,1.0,1.8_10_btoc_0750.jpg,Elliptical galaxy,0.0
1.8_10_btoc_0751.jpg,Clockwise-Z-wise spiral galaxy,2.0,1.8_10_btoc_0751.jpg,Elliptical galaxy,0.0
1.8_10_btoc_0752.jpg,Star,1.0,1.8_10_btoc_0752.jpg,Elliptical galaxy,0.0
1.8_10_btoc_0753.jpg,Clockwise-Z-wise spiral galaxy,2.0,1.8_10_btoc_0753.jpg,Elliptical galaxy,0.0
1.8_10_btoc_0754.jpg,Else,6.0,1.8_10_btoc_0754.jpg,Elliptical galaxy,0.0
1.8_10_btoc_0755.jpg,Else,6.0,1.8_10_btoc_0755.jpg,Elliptical galaxy,0.0
1.8_10_btoc_0756.jpg,Elliptical galaxy,0.0,1.8_10_btoc_0756.jpg,Elliptical galaxy,0.0
1.8_10_btoc_0757.jpg,Else,6.0,1.8_10_btoc_0757.jpg,Elliptical galaxy,0.0
1.8_10_btoc_0758.jpg,Else,6.0,1.8_10_btoc_0758.jpg,Elliptical galaxy,0.0
1.8_10_btoc_0759.jpg,Don’t Know,5.0,1.8_10_btoc_0759.jpg,Elliptical galaxy,0.0
1.8_10_btoc_0760.jpg,Don’t Know,5.0,1.8_10_btoc_0760.jpg,Elliptical galaxy,0.0
1.8_10_btoc_0761.jpg,Elliptical galaxy,0.0,1.8_10_btoc_0761.jpg,Elliptical galaxy,0.0
1.8_10_btoc_0762.jpg,Clockwise-Z-wise spiral galaxy,2.0,1.8_10_btoc_0762.jpg,Elliptical galaxy,0.0
1.8_10_btoc_0763.jpg,Clockwise-Z-wise spiral galaxy,2.0,1.8_10_btoc_0763.jpg,Elliptical galaxy,0.0
1.8_10_btoc_0764.jpg,Star,1.0,1.8_10_btoc_0764.jpg,Elliptical galaxy,0.0
1.8_10_btoc_0765.jpg,Star,1.0,1.8_10_btoc_0765.jpg,Elliptical galaxy,0.0
1.8_10_btoc_0766.jpg,Clockwise-Z-wise spiral galaxy,2.0,1.8_10_btoc_0766.jpg,Elliptical galaxy,0.0
1.8_10_btoc_0767.jpg,Elliptical galaxy,0.0,1.8_10_btoc_0767.jpg,Elliptical galaxy,0.0
1.8_10_btoc_0768.jpg,Else,6.0,1.8_10_btoc_0768.jpg,Elliptical galaxy,0.0
1.8_10_btoc_0769.jpg,Clockwise-Z-wise spiral galaxy,2.0,1.8_10_btoc_0769.jpg,Elliptical galaxy,0.0
1.8_10_btoc_0770.jpg,Clockwise-Z-wise spiral galaxy,2.0,1.8_10_btoc_0770.jpg,Elliptical galaxy,0.0
1.8_10_btoc_0771.jpg,Elliptical galaxy,0.0,1.8_10_btoc_0771.jpg,Elliptical galaxy,0.0
1.8_10_btoc_0772.jpg,Elliptical galaxy,0.0,1.8_10_btoc_0772.jpg,Elliptical galaxy,0.0
1.8_10_btoc_0773.jpg,Elliptical galaxy,0.0,1.8_10_btoc_0773.jpg,Elliptical galaxy,0.0
1.8_10_btoc_0774.jpg,Elliptical galaxy,0.0,1.8_10_btoc_0774.jpg,Elliptical galaxy,0.0
1.8_10_btoc_0775.jpg,Else,6.0,1.8_10_btoc_0775.jpg,Elliptical galaxy,0.0
1.8_10_btoc_0776.jpg,Else,6.0,1.8_10_btoc_0776.jpg,Elliptical galaxy,0.0
1.8_10_btoc_0777.jpg,Elliptical galaxy,0.0,1.8_10_btoc_0777.jpg,Elliptical galaxy,0.0
1.8_10_btoc_0778.jpg,Elliptical galaxy,0.0,1.8_10_btoc_0778.jpg,Elliptical galaxy,0.0
1.8_10_btoc_0779.jpg,Elliptical galaxy,0.0,1.8_10_btoc_0779.jpg,Elliptical galaxy,0.0
1.8_10_btoc_0780.jpg,Elliptical galaxy,0.0,1.8_10_btoc_0780.jpg,Elliptical galaxy,0.0
1.8_10_btoc_0781.jpg,Star,1.0,1.8_10_btoc_0781.jpg,Elliptical galaxy,0.0
1.8_10_btoc_0782.jpg,Star,1.0,1.8_10_btoc_0782.jpg,Elliptical galaxy,0.0
1.8_10_btoc_0783.jpg,Merger,3.0,1.8_10_btoc_0783.jpg,Elliptical galaxy,0.0
1.8_10_btoc_0784.jpg,Elliptical galaxy,0.0,1.8_10_btoc_0784.jpg,Elliptical galaxy,0.0
1.8_10_btoc_0785.jpg,Else,6.0,1.8_10_btoc_0785.jpg,Elliptical galaxy,0.0
1.8_10_btoc_0786.jpg,Else,6.0,1.8_10_btoc_0786.jpg,Elliptical galaxy,0.0
1.8_10_btoc_0787.jpg,Clockwise-Z-wise spiral galaxy,2.0,1.8_10_btoc_0787.jpg,Elliptical galaxy,0.0
1.8_10_btoc_0788.jpg,Star,1.0,1.8_10_btoc_0788.jpg,Elliptical galaxy,0.0
1.8_10_btoc_0789.jpg,Else,6.0,1.8_10_btoc_0789.jpg,Elliptical galaxy,0.0
1.8_10_btoc_0790.jpg,Star,1.0,1.8_10_btoc_0790.jpg,Elliptical galaxy,0.0
1.8_10_btoc_0791.jpg,Elliptical galaxy,0.0,1.8_10_btoc_0791.jpg,Elliptical galaxy,0.0
1.8_10_btoc_0792.jpg,Elliptical galaxy,0.0,1.8_10_btoc_0792.jpg,Elliptical galaxy,0.0
1.8_10_btoc_0793.jpg,Elliptical galaxy,0.0,1.8_10_btoc_0793.jpg,Elliptical galaxy,0.0
1.8_10_btoc_0794.jpg,Elliptical galaxy,0.0,1.8_10_btoc_0794.jpg,Elliptical galaxy,0.0
1.8_10_btoc_0795.jpg,Elliptical galaxy,0.0,1.8_10_btoc_0795.jpg,Elliptical galaxy,0.0
1.8_10_btoc_0796.jpg,Elliptical galaxy,0.0,1.8_10_btoc_0796.jpg,Elliptical galaxy,0.0
1.8_10_btoc_0797.jpg,Star,1.0,1.8_10_btoc_0797.jpg,Elliptical galaxy,0.0
1.8_10_btoc_0798.jpg,Elliptical galaxy,0.0,1.8_10_btoc_0798.jpg,Elliptical galaxy,0.0
1.8_10_btoc_0799.jpg,Merger,3.0,1.8_10_btoc_0799.jpg,Elliptical galaxy,0.0
1.8_10_btoc_0800.jpg,Elliptical galaxy,0.0,1.8_10_btoc_0800.jpg,Elliptical galaxy,0.0
1.8_10_btoc_0801.jpg,Else,6.0,1.8_10_btoc_0801.jpg,Elliptical galaxy,0.0
1.8_10_btoc_0802.jpg,Elliptical galaxy,0.0,1.8_10_btoc_0802.jpg,Elliptical galaxy,0.0
1.8_10_btoc_0803.jpg,Star,1.0,1.8_10_btoc_0803.jpg,Elliptical galaxy,0.0
1.8_10_btoc_0804.jpg,Else,6.0,1.8_10_btoc_0804.jpg,Don’t Know,5.0
1.8_10_btoc_0805.jpg,Elliptical galaxy,0.0,1.8_10_btoc_0805.jpg,Elliptical galaxy,0.0
1.8_10_btoc_0806.jpg,Elliptical galaxy,0.0,1.8_10_btoc_0806.jpg,Elliptical galaxy,0.0
1.8_10_btoc_0807.jpg,Else,6.0,1.8_10_btoc_0807.jpg,Elliptical galaxy,0.0
1.8_10_btoc_0808.jpg,Merger,3.0,1.8_10_btoc_0808.jpg,Merger,3.0
1.8_10_btoc_0809.jpg,Else,6.0,1.8_10_btoc_0809.jpg,Don’t Know,5.0
1.8_10_btoc_0810.jpg,Don’t Know,5.0,1.8_10_btoc_0810.jpg,Don’t Know,5.0
1.8_10_btoc_0811.jpg,Don’t Know,5.0,1.8_10_btoc_0811.jpg,Don’t Know,5.0
1.8_10_btoc_0812.jpg,Don’t Know,5.0,1.8_10_btoc_0812.jpg,Don’t Know,5.0
1.8_10_btoc_0813.jpg,Elliptical galaxy,0.0,1.8_10_btoc_0813.jpg,Elliptical galaxy,0.0
1.8_10_btoc_0814.jpg,Elliptical galaxy,0.0,1.8_10_btoc_0814.jpg,Elliptical galaxy,0.0
1.8_10_btoc_0815.jpg,Elliptical galaxy,0.0,1.8_10_btoc_0815.jpg,Elliptical galaxy,0.0
1.8_10_btoc_0816.jpg,Anti-clockwise-S-wise spiral galaxy,4.0,1.8_10_btoc_0816.jpg,Anti-clockwise-S-wise spiral galaxy,4.0
1.8_10_btoc_0817.jpg,Elliptical galaxy,0.0,1.8_10_btoc_0817.jpg,Don’t Know,5.0
1.8_10_btoc_0818.jpg,Don’t Know,5.0,1.8_10_btoc_0818.jpg,Anti-clockwise-S-wise spiral galaxy,4.0
1.8_10_btoc_0819.jpg,Star,1.0,1.8_10_btoc_0819.jpg,Elliptical galaxy,0.0
1.8_10_btoc_0820.jpg,Star,1.0,1.8_10_btoc_0820.jpg,Elliptical galaxy,0.0
1.8_10_btoc_0821.jpg,Star,1.0,1.8_10_btoc_0821.jpg,Don’t Know,5.0
1.8_10_btoc_0822.jpg,Star,1.0,1.8_10_btoc_0822.jpg,Don’t Know,5.0
1.8_10_btoc_0823.jpg,Elliptical galaxy,0.0,1.8_10_btoc_0823.jpg,Elliptical galaxy,0.0
1.8_10_btoc_0824.jpg,Star,1.0,1.8_10_btoc_0824.jpg,Star,1.0
1.8_10_btoc_0825.jpg,Elliptical galaxy,0.0,1.8_10_btoc_0825.jpg,Star,1.0
1.8_10_btoc_0826.jpg,Anti-clockwise-S-wise spiral galaxy,4.0,1.8_10_btoc_0826.jpg,Star,1.0
1.8_10_btoc_0827.jpg,Else,6.0,1.8_10_btoc_0827.jpg,Star,1.0
1.8_10_btoc_0828.jpg,Else,6.0,1.8_10_btoc_0828.jpg,Star,1.0
1.8_10_btoc_0829.jpg,Star,1.0,1.8_10_btoc_0829.jpg,Elliptical galaxy,0.0
1.8_10_btoc_0830.jpg,Elliptical galaxy,0.0,1.8_10_btoc_0830.jpg,Elliptical galaxy,0.0
1.8_10_btoc_0831.jpg,Star,1.0,1.8_10_btoc_0831.jpg,Elliptical galaxy,0.0
1.8_10_btoc_0832.jpg,Else,6.0,1.8_10_btoc_0832.jpg,Elliptical galaxy,0.0
1.8_10_btoc_0833.jpg,Anti-clockwise-S-wise spiral galaxy,4.0,1.8_10_btoc_0833.jpg,Elliptical galaxy,0.0
1.8_10_btoc_0834.jpg,Else,6.0,1.8_10_btoc_0834.jpg,Elliptical galaxy,0.0
1.8_10_btoc_0835.jpg,Don’t Know,5.0,1.8_10_btoc_0835.jpg,Elliptical galaxy,0.0
1.8_10_btoc_0836.jpg,Don’t Know,5.0,1.8_10_btoc_0836.jpg,Elliptical galaxy,0.0
1.8_10_btoc_0837.jpg,Elliptical galaxy,0.0,1.8_10_btoc_0837.jpg,Elliptical galaxy,0.0
1.8_10_btoc_0838.jpg,Elliptical galaxy,0.0,1.8_10_btoc_0838.jpg,Elliptical galaxy,0.0
1.8_10_btoc_0839.jpg,Else,6.0,1.8_10_btoc_0839.jpg,Elliptical galaxy,0.0
1.8_10_btoc_0840.jpg,Else,6.0,1.8_10_btoc_0840.jpg,Elliptical galaxy,0.0
1.8_10_btoc_0841.jpg,Else,6.0,1.8_10_btoc_0841.jpg,Elliptical galaxy,0.0
1.8_10_btoc_0842.jpg,Else,6.0,1.8_10_btoc_0842.jpg,Elliptical galaxy,0.0
1.8_10_btoc_0843.jpg,Elliptical galaxy,0.0,1.8_10_btoc_0843.jpg,Elliptical galaxy,0.0
1.8_10_btoc_0844.jpg,Elliptical galaxy,0.0,1.8_10_btoc_0844.jpg,Elliptical galaxy,0.0
1.8_10_btoc_0845.jpg,Elliptical galaxy,0.0,1.8_10_btoc_0845.jpg,Elliptical galaxy,0.0
1.8_10_btoc_0846.jpg,Elliptical galaxy,0.0,1.8_10_btoc_0846.jpg,Don’t Know,5.0
1.8_10_btoc_0847.jpg,Else,6.0,1.8_10_btoc_0847.jpg,Don’t Know,5.0
1.8_10_btoc_0848.jpg,Elliptical galaxy,0.0,1.8_10_btoc_0848.jpg,Elliptical galaxy,0.0
1.8_10_btoc_0849.jpg,Elliptical galaxy,0.0,1.8_10_btoc_0849.jpg,Elliptical galaxy,0.0
1.8_10_btoc_0850.jpg,Else,6.0,1.8_10_btoc_0850.jpg,Don’t Know,5.0
1.8_10_btoc_0851.jpg,Elliptical galaxy,0.0,1.8_10_btoc_0851.jpg,Elliptical galaxy,0.0
1.8_10_btoc_0852.jpg,Elliptical galaxy,0.0,1.8_10_btoc_0852.jpg,Elliptical galaxy,0.0
1.8_10_btoc_0853.jpg,Star,1.0,1.8_10_btoc_0853.jpg,Elliptical galaxy,0.0
1.8_10_btoc_0854.jpg,Clockwise-Z-wise spiral galaxy,2.0,1.8_10_btoc_0854.jpg,Elliptical galaxy,0.0
1.8_10_btoc_0855.jpg,Elliptical galaxy,0.0,1.8_10_btoc_0855.jpg,Elliptical galaxy,0.0
1.8_10_btoc_0856.jpg,Else,6.0,1.8_10_btoc_0856.jpg,Elliptical galaxy,0.0
1.8_10_btoc_0857.jpg,Elliptical galaxy,0.0,1.8_10_btoc_0857.jpg,Elliptical galaxy,0.0
1.8_10_btoc_0858.jpg,Elliptical galaxy,0.0,1.8_10_btoc_0858.jpg,Elliptical galaxy,0.0
1.8_10_btoc_0859.jpg,Elliptical galaxy,0.0,1.8_10_btoc_0859.jpg,Elliptical galaxy,0.0
1.8_10_btoc_0860.jpg,Else,6.0,1.8_10_btoc_0860.jpg,Elliptical galaxy,0.0
1.8_10_btoc_0861.jpg,Elliptical galaxy,0.0,1.8_10_btoc_0861.jpg,Elliptical galaxy,0.0
1.8_10_btoc_0862.jpg,Else,6.0,1.8_10_btoc_0862.jpg,Elliptical galaxy,0.0
1.8_10_btoc_0863.jpg,Else,6.0,1.8_10_btoc_0863.jpg,Elliptical galaxy,0.0
1.8_10_btoc_0864.jpg,Else,6.0,1.8_10_btoc_0864.jpg,Elliptical galaxy,0.0
1.8_10_btoc_0865.jpg,Else,6.0,1.8_10_btoc_0865.jpg,Elliptical galaxy,0.0
1.8_10_btoc_0866.jpg,Else,6.0,1.8_10_btoc_0866.jpg,Elliptical galaxy,0.0
1.8_10_btoc_0867.jpg,Else,6.0,1.8_10_btoc_0867.jpg,Elliptical galaxy,0.0
1.8_10_btoc_0868.jpg,Star,1.0,1.8_10_btoc_0868.jpg,Elliptical galaxy,0.0
1.8_10_btoc_0869.jpg,Elliptical galaxy,0.0,1.8_10_btoc_0869.jpg,Elliptical galaxy,0.0
1.8_10_btoc_0870.jpg,Elliptical galaxy,0.0,1.8_10_btoc_0870.jpg,Elliptical galaxy,0.0
1.8_10_btoc_0871.jpg,Else,6.0,1.8_10_btoc_0871.jpg,Elliptical galaxy,0.0
1.8_10_btoc_0872.jpg,Star,1.0,1.8_10_btoc_0872.jpg,Elliptical galaxy,0.0
1.8_10_btoc_0873.jpg,Else,6.0,1.8_10_btoc_0873.jpg,Elliptical galaxy,0.0
1.8_10_btoc_0874.jpg,Elliptical galaxy,0.0,1.8_10_btoc_0874.jpg,Elliptical galaxy,0.0
1.8_10_btoc_0875.jpg,Elliptical galaxy,0.0,1.8_10_btoc_0875.jpg,Elliptical galaxy,0.0
1.8_10_btoc_0876.jpg,Elliptical galaxy,0.0,1.8_10_btoc_0876.jpg,Elliptical galaxy,0.0
1.8_10_btoc_0877.jpg,Anti-clockwise-S-wise spiral galaxy,4.0,1.8_10_btoc_0877.jpg,Elliptical galaxy,0.0
1.8_10_btoc_0878.jpg,Don’t Know,5.0,1.8_10_btoc_0878.jpg,Elliptical galaxy,0.0
1.8_10_btoc_0879.jpg,Elliptical galaxy,0.0,1.8_10_btoc_0879.jpg,Elliptical galaxy,0.0
1.8_10_btoc_0880.jpg,Else,6.0,1.8_10_btoc_0880.jpg,Elliptical galaxy,0.0
1.8_10_btoc_0881.jpg,Else,6.0,1.8_10_btoc_0881.jpg,Don’t Know,5.0
1.8_10_btoc_0882.jpg,Elliptical galaxy,0.0,1.8_10_btoc_0882.jpg,Merger,3.0
1.8_10_btoc_0883.jpg,Merger,3.0,1.8_10_btoc_0883.jpg,Merger,3.0
1.8_10_btoc_0884.jpg,Star,1.0,1.8_10_btoc_0884.jpg,Elliptical galaxy,0.0
1.8_10_btoc_0885.jpg,Elliptical galaxy,0.0,1.8_10_btoc_0885.jpg,Don’t Know,5.0
1.8_10_btoc_0886.jpg,Else,6.0,1.8_10_btoc_0886.jpg,Don’t Know,5.0
1.8_10_btoc_0887.jpg,Elliptical galaxy,0.0,1.8_10_btoc_0887.jpg,Elliptical galaxy,0.0
1.8_10_btoc_0888.jpg,Merger,3.0,1.8_10_btoc_0888.jpg,Elliptical galaxy,0.0
1.8_10_btoc_0889.jpg,Elliptical galaxy,0.0,1.8_10_btoc_0889.jpg,Elliptical galaxy,0.0
1.8_10_btoc_0890.jpg,Elliptical galaxy,0.0,1.8_10_btoc_0890.jpg,Elliptical galaxy,0.0
1.8_10_btoc_0891.jpg,Else,6.0,1.8_10_btoc_0891.jpg,Don’t Know,5.0
1.8_10_btoc_0892.jpg,Anti-clockwise-S-wise spiral galaxy,4.0,1.8_10_btoc_0892.jpg,Anti-clockwise-S-wise spiral galaxy,4.0
1.8_10_btoc_0893.jpg,Elliptical galaxy,0.0,1.8_10_btoc_0893.jpg,Elliptical galaxy,0.0
1.8_10_btoc_0894.jpg,Else,6.0,1.8_10_btoc_0894.jpg,Elliptical galaxy,0.0
1.8_10_btoc_0895.jpg,Elliptical galaxy,0.0,1.8_10_btoc_0895.jpg,Elliptical galaxy,0.0
1.8_10_btoc_0896.jpg,Elliptical galaxy,0.0,1.8_10_btoc_0896.jpg,Elliptical galaxy,0.0
1.8_10_btoc_0897.jpg,Else,6.0,1.8_10_btoc_0897.jpg,Elliptical galaxy,0.0
1.8_10_btoc_0898.jpg,Elliptical galaxy,0.0,1.8_10_btoc_0898.jpg,Elliptical galaxy,0.0
1.8_10_btoc_0899.jpg,Don’t Know,5.0,1.8_10_btoc_0899.jpg,Elliptical galaxy,0.0
1.8_10_btoc_0900.jpg,Elliptical galaxy,0.0,1.8_10_btoc_0900.jpg,Elliptical galaxy,0.0
1.8_10_btoc_0901.jpg,Star,1.0,1.8_10_btoc_0901.jpg,Elliptical galaxy,0.0
1.8_10_btoc_0902.jpg,Else,6.0,1.8_10_btoc_0902.jpg,Elliptical galaxy,0.0
1.8_10_btoc_0903.jpg,Elliptical galaxy,0.0,1.8_10_btoc_0903.jpg,Elliptical galaxy,0.0
1.8_10_btoc_0904.jpg,Star,1.0,1.8_10_btoc_0904.jpg,Elliptical galaxy,0.0
1.8_10_btoc_0905.jpg,Elliptical galaxy,0.0,1.8_10_btoc_0905.jpg,Elliptical galaxy,0.0
1.8_10_btoc_0906.jpg,Elliptical galaxy,0.0,1.8_10_btoc_0906.jpg,Elliptical galaxy,0.0
1.8_10_btoc_0907.jpg,Else,6.0,1.8_10_btoc_0907.jpg,Elliptical galaxy,0.0
1.8_10_btoc_0908.jpg,Clockwise-Z-wise spiral galaxy,2.0,1.8_10_btoc_0908.jpg,Elliptical galaxy,0.0
1.8_10_btoc_0909.jpg,Star,1.0,1.8_10_btoc_0909.jpg,Elliptical galaxy,0.0
1.8_10_btoc_0910.jpg,Don’t Know,5.0,1.8_10_btoc_0910.jpg,Elliptical galaxy,0.0
1.8_10_btoc_0911.jpg,Star,1.0,1.8_10_btoc_0911.jpg,Elliptical galaxy,0.0
1.8_10_btoc_0912.jpg,Else,6.0,1.8_10_btoc_0912.jpg,Elliptical galaxy,0.0
1.8_10_btoc_0913.jpg,Anti-clockwise-S-wise spiral galaxy,4.0,1.8_10_btoc_0913.jpg,Elliptical galaxy,0.0
1.8_10_btoc_0914.jpg,Anti-clockwise-S-wise spiral galaxy,4.0,1.8_10_btoc_0914.jpg,Elliptical galaxy,0.0
1.8_10_btoc_0915.jpg,Star,1.0,1.8_10_btoc_0915.jpg,Elliptical galaxy,0.0
1.8_10_btoc_0916.jpg,Don’t Know,5.0,1.8_10_btoc_0916.jpg,Elliptical galaxy,0.0
1.8_10_btoc_0917.jpg,Elliptical galaxy,0.0,1.8_10_btoc_0917.jpg,Elliptical galaxy,0.0
1.8_10_btoc_0918.jpg,Elliptical galaxy,0.0,1.8_10_btoc_0918.jpg,Elliptical galaxy,0.0
1.8_10_btoc_0919.jpg,Else,6.0,1.8_10_btoc_0919.jpg,Elliptical galaxy,0.0
1.8_10_btoc_0920.jpg,Star,1.0,1.8_10_btoc_0920.jpg,Elliptical galaxy,0.0
1.8_10_btoc_0921.jpg,Star,1.0,1.8_10_btoc_0921.jpg,Elliptical galaxy,0.0
1.8_10_btoc_0922.jpg,Elliptical galaxy,0.0,1.8_10_btoc_0922.jpg,Elliptical galaxy,0.0
1.8_10_btoc_0923.jpg,Else,6.0,1.8_10_btoc_0923.jpg,Elliptical galaxy,0.0
1.8_10_btoc_0924.jpg,Elliptical galaxy,0.0,1.8_10_btoc_0924.jpg,Elliptical galaxy,0.0
1.8_10_btoc_0925.jpg,Star,1.0,1.8_10_btoc_0925.jpg,Elliptical galaxy,0.0
1.8_10_btoc_0926.jpg,Clockwise-Z-wise spiral galaxy,2.0,1.8_10_btoc_0926.jpg,Elliptical galaxy,0.0
1.8_10_btoc_0927.jpg,Anti-clockwise-S-wise spiral galaxy,4.0,1.8_10_btoc_0927.jpg,Elliptical galaxy,0.0
1.8_10_btoc_0928.jpg,Star,1.0,1.8_10_btoc_0928.jpg,Elliptical galaxy,0.0
1.8_10_btoc_0929.jpg,Elliptical galaxy,0.0,1.8_10_btoc_0929.jpg,Elliptical galaxy,0.0
1.8_10_btoc_0930.jpg,Clockwise-Z-wise spiral galaxy,2.0,1.8_10_btoc_0930.jpg,Elliptical galaxy,0.0
1.8_10_btoc_0931.jpg,Clockwise-Z-wise spiral galaxy,2.0,1.8_10_btoc_0931.jpg,Clockwise-Z-wise spiral galaxy,2.0
1.8_10_btoc_0932.jpg,Clockwise-Z-wise spiral galaxy,2.0,1.8_10_btoc_0932.jpg,Don’t Know,5.0
1.8_10_btoc_0933.jpg,Clockwise-Z-wise spiral galaxy,2.0,1.8_10_btoc_0933.jpg,Don’t Know,5.0
1.8_10_btoc_0934.jpg,Elliptical galaxy,0.0,1.8_10_btoc_0934.jpg,Don’t Know,5.0
1.8_10_btoc_0935.jpg,Elliptical galaxy,0.0,1.8_10_btoc_0935.jpg,Elliptical galaxy,0.0
1.8_10_btoc_0936.jpg,Elliptical galaxy,0.0,1.8_10_btoc_0936.jpg,Elliptical galaxy,0.0
1.8_10_btoc_0937.jpg,Anti-clockwise-S-wise spiral galaxy,4.0,1.8_10_btoc_0937.jpg,Anti-clockwise-S-wise spiral galaxy,4.0
1.8_10_btoc_0938.jpg,Elliptical galaxy,0.0,1.8_10_btoc_0938.jpg,Anti-clockwise-S-wise spiral galaxy,4.0
1.8_10_btoc_0939.jpg,Elliptical galaxy,0.0,1.8_10_btoc_0939.jpg,Elliptical galaxy,0.0
1.8_10_btoc_0940.jpg,Else,6.0,1.8_10_btoc_0940.jpg,Elliptical galaxy,0.0
1.8_10_btoc_0941.jpg,Star,1.0,1.8_10_btoc_0941.jpg,Elliptical galaxy,0.0
1.8_10_btoc_0942.jpg,Star,1.0,1.8_10_btoc_0942.jpg,Elliptical galaxy,0.0
1.8_10_btoc_0943.jpg,Elliptical galaxy,0.0,1.8_10_btoc_0943.jpg,Elliptical galaxy,0.0
1.8_10_btoc_0944.jpg,Elliptical galaxy,0.0,1.8_10_btoc_0944.jpg,Elliptical galaxy,0.0
1.8_10_btoc_0945.jpg,Elliptical galaxy,0.0,1.8_10_btoc_0945.jpg,Elliptical galaxy,0.0
1.8_10_btoc_0946.jpg,Else,6.0,1.8_10_btoc_0946.jpg,Elliptical galaxy,0.0
1.8_10_btoc_0947.jpg,Elliptical galaxy,0.0,1.8_10_btoc_0947.jpg,Elliptical galaxy,0.0
1.8_10_btoc_0948.jpg,Merger,3.0,1.8_10_btoc_0948.jpg,Elliptical galaxy,0.0
1.8_10_btoc_0949.jpg,Else,6.0,1.8_10_btoc_0949.jpg,Elliptical galaxy,0.0
1.8_10_btoc_0950.jpg,Else,6.0,1.8_10_btoc_0950.jpg,Elliptical galaxy,0.0
1.8_10_btoc_0951.jpg,Don’t Know,5.0,1.8_10_btoc_0951.jpg,Elliptical galaxy,0.0
1.8_10_btoc_0952.jpg,Don’t Know,5.0,1.8_10_btoc_0952.jpg,Elliptical galaxy,0.0
1.8_10_btoc_0953.jpg,Star,1.0,1.8_10_btoc_0953.jpg,Elliptical galaxy,0.0
1.8_10_btoc_0954.jpg,Elliptical galaxy,0.0,1.8_10_btoc_0954.jpg,Elliptical galaxy,0.0
1.8_10_btoc_0955.jpg,Elliptical galaxy,0.0,1.8_10_btoc_0955.jpg,Elliptical galaxy,0.0
1.8_10_btoc_0956.jpg,Else,6.0,1.8_10_btoc_0956.jpg,Elliptical galaxy,0.0
1.8_10_btoc_0957.jpg,Elliptical galaxy,0.0,1.8_10_btoc_0957.jpg,Elliptical galaxy,0.0
1.8_10_btoc_0958.jpg,Elliptical galaxy,0.0,1.8_10_btoc_0958.jpg,Elliptical galaxy,0.0
1.8_10_btoc_0959.jpg,Merger,3.0,1.8_10_btoc_0959.jpg,Elliptical galaxy,0.0
1.8_10_btoc_0960.jpg,Else,6.0,1.8_10_btoc_0960.jpg,Elliptical galaxy,0.0
1.8_10_btoc_0961.jpg,Don’t Know,5.0,1.8_10_btoc_0961.jpg,Elliptical galaxy,0.0
1.8_10_btoc_0962.jpg,Don’t Know,5.0,1.8_10_btoc_0962.jpg,Elliptical galaxy,0.0
1.8_10_btoc_0963.jpg,Clockwise-Z-wise spiral galaxy,2.0,1.8_10_btoc_0963.jpg,Elliptical galaxy,0.0
1.8_10_btoc_0964.jpg,Else,6.0,1.8_10_btoc_0964.jpg,Elliptical galaxy,0.0
1.8_10_btoc_0965.jpg,Clockwise-Z-wise spiral galaxy,2.0,1.8_10_btoc_0965.jpg,Elliptical galaxy,0.0
1.8_10_btoc_0966.jpg,Else,6.0,1.8_10_btoc_0966.jpg,Elliptical galaxy,0.0
1.8_10_btoc_0967.jpg,Elliptical galaxy,0.0,1.8_10_btoc_0967.jpg,Elliptical galaxy,0.0
1.8_10_btoc_0968.jpg,Else,6.0,1.8_10_btoc_0968.jpg,Elliptical galaxy,0.0
1.8_10_btoc_0969.jpg,Don’t Know,5.0,1.8_10_btoc_0969.jpg,Don’t Know,5.0
1.8_10_btoc_0970.jpg,Elliptical galaxy,0.0,1.8_10_btoc_0970.jpg,Don’t Know,5.0
1.8_10_btoc_0971.jpg,Else,6.0,1.8_10_btoc_0971.jpg,Merger,3.0
1.8_10_btoc_0972.jpg,Elliptical galaxy,0.0,1.8_10_btoc_0972.jpg,Elliptical galaxy,0.0
1.8_10_btoc_0973.jpg,Star,1.0,1.8_10_btoc_0973.jpg,Elliptical galaxy,0.0
1.8_10_btoc_0974.jpg,Don’t Know,5.0,1.8_10_btoc_0974.jpg,Don’t Know,5.0
1.8_10_btoc_0975.jpg,Elliptical galaxy,0.0,1.8_10_btoc_0975.jpg,Don’t Know,5.0
1.8_10_btoc_0976.jpg,Elliptical galaxy,0.0,1.8_10_btoc_0976.jpg,Don’t Know,5.0
1.8_10_btoc_0977.jpg,Elliptical galaxy,0.0,1.8_10_btoc_0977.jpg,Don’t Know,5.0
1.8_10_btoc_0978.jpg,Don’t Know,5.0,1.8_10_btoc_0978.jpg,Don’t Know,5.0
1.8_10_btoc_0979.jpg,Don’t Know,5.0,1.8_10_btoc_0979.jpg,Don’t Know,5.0
1.8_10_btoc_0980.jpg,Elliptical galaxy,0.0,1.8_10_btoc_0980.jpg,Don’t Know,5.0
1.8_10_btoc_0981.jpg,Elliptical galaxy,0.0,1.8_10_btoc_0981.jpg,Don’t Know,5.0
1.8_10_btoc_0982.jpg,Elliptical galaxy,0.0,1.8_10_btoc_0982.jpg,Don’t Know,5.0
1.8_10_btoc_0983.jpg,Elliptical galaxy,0.0,1.8_10_btoc_0983.jpg,Don’t Know,5.0
1.8_10_btoc_0984.jpg,Elliptical galaxy,0.0,1.8_10_btoc_0984.jpg,Don’t Know,5.0
1.8_10_btoc_0985.jpg,Star,1.0,1.8_10_btoc_0985.jpg,Don’t Know,5.0
1.8_10_btoc_0986.jpg,Elliptical galaxy,0.0,1.8_10_btoc_0986.jpg,Don’t Know,5.0
1.8_10_btoc_0987.jpg,Star,1.0,1.8_10_btoc_0987.jpg,Don’t Know,5.0
1.8_10_btoc_0988.jpg,Anti-clockwise-S-wise spiral galaxy,4.0,1.8_10_btoc_0988.jpg,Don’t Know,5.0
1.8_10_btoc_0989.jpg,Elliptical galaxy,0.0,1.8_10_btoc_0989.jpg,Don’t Know,5.0
1.8_10_btoc_0990.jpg,Don’t Know,5.0,1.8_10_btoc_0990.jpg,Don’t Know,5.0
1.8_10_btoc_0991.jpg,Elliptical galaxy,0.0,1.8_10_btoc_0991.jpg,Elliptical galaxy,0.0
1.8_10_btoc_0992.jpg,Elliptical galaxy,0.0,1.8_10_btoc_0992.jpg,Elliptical galaxy,0.0
1.8_10_btoc_0993.jpg,Elliptical galaxy,0.0,1.8_10_btoc_0993.jpg,Elliptical galaxy,0.0
1.8_10_btoc_0994.jpg,Elliptical galaxy,0.0,1.8_10_btoc_0994.jpg,Elliptical galaxy,0.0
1.8_10_btoc_0995.jpg,Elliptical galaxy,0.0,1.8_10_btoc_0995.jpg,Elliptical galaxy,0.0
1.8_10_btoc_0996.jpg,Elliptical galaxy,0.0,1.8_10_btoc_0996.jpg,Elliptical galaxy,0.0
1.8_10_btoc_0997.jpg,Anti-clockwise-S-wise spiral galaxy,4.0,1.8_10_btoc_0997.jpg,Elliptical galaxy,0.0
1.8_10_btoc_0998.jpg,Elliptical galaxy,0.0,1.8_10_btoc_0998.jpg,Elliptical galaxy,0.0
1.8_10_btoc_0999.jpg,Elliptical galaxy,0.0,1.8_10_btoc_0999.jpg,Elliptical galaxy,0.0
